No,Nama Motor,Usia Motor (tahun),Jarak Tempuh (km),Gejala Kerusakan,Kelas Perawatan Kebutuhan,Komponen yang Diperiksa,Harga (Rp)
1,Honda Supra X Helm-In,1,16903,Oli bocor,Sedang,"CVT, roller","Rp 758,452"
2,Honda Revo Fit,2,36341,Rantai longgar,Sedang,"Oli mesin, busi","Rp 768,171"
3,Honda Beat,6,52591,Knalpot berasap,Ringan,"CVT, roller","Rp 276,296"
4,Honda Supra GTR,5,80673,CVT licin,Ringan,"Radiator, piston","Rp 290,337"
5,Honda Beat CBS,5,64495,Rem kurang pakem,Sedang,"Busi, klep","Rp 782,248"
6,Honda Scoopy Stylish,7,66163,Rem kurang pakem,Ringan,"Oli mesin, busi","Rp 283,082"
7,Honda Revo Fit,7,71281,Tarikan berat,Ringan,"Oli mesin, busi","Rp 285,641"
8,Honda Beat CBS,2,20129,Mesin panas,Ringan,"Oli mesin, busi","Rp 260,065"
9,Honda Vario 125,1,60773,Oli bocor,Sedang,"Aki, kiprok","Rp 780,387"
10,Honda Supra X 125,8,82057,Oli bocor,Ringan,"Oli mesin, busi","Rp 291,029"
11,Honda Vario 150,1,72457,Tarikan berat,Ringan,"Aki, kiprok","Rp 286,229"
12,Honda Beat,7,45658,Aki soak,Tinggi,"Filter udara, oli mesin","Rp 1,522,829"
13,Honda Supra GTR,4,55962,Oli bocor,Sedang,"Kampas rem, oli rem","Rp 777,981"
14,Honda Supra X 125,5,14217,Getaran CVT,Ringan,"CVT, roller","Rp 257,109"
15,Honda Scoopy Stylish,3,27507,Lampu redup,Ringan,"Oli mesin, busi","Rp 263,754"
16,Honda Vario 150,5,30972,Rem kurang pakem,Tinggi,"Busi, klep","Rp 1,515,486"
17,Honda Vario 125,6,80892,Knalpot berasap,Tinggi,"Filter udara, oli mesin","Rp 1,540,446"
18,Honda PCX Hybrid,3,48300,Oli bocor,Tinggi,"Kampas rem, oli rem","Rp 1,524,150"
19,Honda PCX,1,37064,Mesin panas,Ringan,"Kampas rem, oli rem","Rp 268,532"
20,Honda CBR 250RR,8,82397,Tarikan berat,Ringan,"V-belt, grease roller","Rp 291,199"
21,Honda Supra X Helm-In,8,8620,Suara kasar,Ringan,"V-belt, grease roller","Rp 254,310"
22,Honda Scoopy,1,49040,Mesin bergetar,Tinggi,"Aki, kiprok","Rp 1,524,520"
23,Honda Vario 125,3,26196,Mesin bergetar,Ringan,"Aki, kiprok","Rp 263,098"
24,Honda PCX Hybrid,1,24807,Lampu redup,Ringan,"Oli mesin, busi","Rp 262,404"
25,Honda Supra X 125,2,81078,Bunyi aneh,Tinggi,"Kampas rem, oli rem","Rp 1,540,539"
26,Honda Supra X Helm-In,5,61392,Getaran CVT,Sedang,"V-belt, grease roller","Rp 780,696"
27,Honda CBR 250RR,3,24636,Knalpot berasap,Tinggi,"Filter udara, oli mesin","Rp 1,512,318"
28,Honda Vario 125,2,76386,Oli bocor,Ringan,"CVT, roller","Rp 288,193"
29,Honda PCX,4,45049,Suara kasar,Tinggi,"Oli mesin, busi","Rp 1,522,525"
30,Honda Vario 150,1,73711,Mesin panas,Tinggi,"Radiator, piston","Rp 1,536,856"
31,Honda Vario 150,4,21783,Oli bocor,Sedang,"Filter udara, oli mesin","Rp 760,892"
32,Honda Beat CBS,3,26571,Suara kasar,Tinggi,"Oli mesin, busi","Rp 1,513,286"
33,Honda Revo Fit,8,24230,Tarikan lambat,Sedang,"Busi, klep","Rp 762,115"
34,Honda Scoopy,6,70714,Oli bocor,Tinggi,"Oli mesin, busi","Rp 1,535,357"
35,Honda Beat,2,81418,Bunyi aneh,Tinggi,"V-belt, grease roller","Rp 1,540,709"
36,Honda Beat Street,7,81650,Tarikan berat,Ringan,"Radiator, piston","Rp 290,825"
37,Honda Beat CBS,1,53803,Mesin panas,Ringan,"Radiator, piston","Rp 276,902"
38,Honda Supra X Helm-In,8,13714,Knalpot berasap,Sedang,"Filter udara, oli mesin","Rp 756,857"
39,Honda Beat Street,5,71737,Aki soak,Tinggi,"CVT, roller","Rp 1,535,869"
40,Honda PCX Hybrid,3,29067,Knalpot berasap,Ringan,"Kampas rem, oli rem","Rp 264,534"
41,Honda Beat CBS,5,44802,Tarikan lambat,Tinggi,"V-belt, grease roller","Rp 1,522,401"
42,Honda Beat CBS,8,53113,Rantai longgar,Sedang,"V-belt, grease roller","Rp 776,557"
43,Honda Supra X Helm-In,1,13246,Lampu redup,Ringan,"Radiator, piston","Rp 256,623"
44,Honda Beat,7,43891,Rantai longgar,Sedang,"Filter udara, oli mesin","Rp 771,946"
45,Honda Vario 150,3,50699,Suara kasar,Sedang,"V-belt, grease roller","Rp 775,350"
46,Honda CBR 250RR,5,39305,Mesin panas,Tinggi,"Busi, klep","Rp 1,519,653"
47,Honda Vario 125,8,14971,Getaran CVT,Tinggi,"Radiator, piston","Rp 1,507,486"
48,Honda CBR 150R,5,24845,Mesin bergetar,Sedang,"Filter udara, oli mesin","Rp 762,423"
49,Honda Beat,1,35773,CVT licin,Tinggi,"Oli mesin, busi","Rp 1,517,887"
50,Honda Revo Fit,7,33199,Tarikan berat,Sedang,"Kampas rem, oli rem","Rp 766,600"
51,Honda Vario 125,6,34972,CVT licin,Ringan,"Aki, kiprok","Rp 267,486"
52,Honda Beat Street,3,60678,Mesin bergetar,Tinggi,"Kampas rem, oli rem","Rp 1,530,339"
53,Honda Supra X 125,6,84386,Mesin panas,Tinggi,"Filter udara, oli mesin","Rp 1,542,193"
54,Honda Supra GTR,3,79050,Suara kasar,Ringan,"Filter udara, oli mesin","Rp 289,525"
55,Honda Beat CBS,2,10148,Rantai longgar,Sedang,"Filter udara, oli mesin","Rp 755,074"
56,Honda Revo Fit,2,32202,Rantai longgar,Tinggi,"V-belt, grease roller","Rp 1,516,101"
57,Honda Beat Street,8,66172,Suara kasar,Sedang,"Filter udara, oli mesin","Rp 783,086"
58,Honda Beat Street,1,72385,Tarikan berat,Tinggi,"Filter udara, oli mesin","Rp 1,536,193"
59,Honda Supra X 125,6,53818,Rem kurang pakem,Tinggi,"Kampas rem, oli rem","Rp 1,526,909"
60,Honda Vario 125,6,71907,Aki soak,Tinggi,"Busi, klep","Rp 1,535,954"
61,Honda Revo Fit,5,45229,Suara kasar,Ringan,"Oli mesin, busi","Rp 272,615"
62,Honda Revo Fit,2,54949,Aki soak,Ringan,"Radiator, piston","Rp 277,475"
63,Honda Beat,8,15500,Bunyi aneh,Ringan,"Radiator, piston","Rp 257,750"
64,Honda Beat CBS,1,8261,Knalpot berasap,Sedang,"Filter udara, oli mesin","Rp 754,131"
65,Honda Vario 150,3,16624,Oli bocor,Tinggi,"Busi, klep","Rp 1,508,312"
66,Honda Vario 150,2,22427,Lampu redup,Sedang,"Filter udara, oli mesin","Rp 761,214"
67,Honda PCX Hybrid,8,16548,Oli bocor,Ringan,"Filter udara, oli mesin","Rp 258,274"
68,Honda CBR 250RR,2,52255,Knalpot berasap,Sedang,"V-belt, grease roller","Rp 776,128"
69,Honda Beat CBS,4,30893,Lampu redup,Ringan,"Busi, klep","Rp 265,447"
70,Honda Scoopy Stylish,3,25106,Getaran CVT,Sedang,"Busi, klep","Rp 762,553"
71,Honda PCX,3,73534,Rantai longgar,Ringan,"Busi, klep","Rp 286,767"
72,Honda Scoopy,5,34153,CVT licin,Sedang,"Aki, kiprok","Rp 767,077"
73,Honda Scoopy Stylish,7,30562,Suara kasar,Ringan,"Filter udara, oli mesin","Rp 265,281"
74,Honda Beat Street,2,32075,Mesin bergetar,Ringan,"Kampas rem, oli rem","Rp 266,038"
75,Honda CBR 150R,1,20333,Tarikan berat,Sedang,"Kampas rem, oli rem","Rp 760,167"
76,Honda CBR 150R,1,62669,Aki soak,Tinggi,"Aki, kiprok","Rp 1,531,335"
77,Honda Revo Fit,5,47941,Knalpot berasap,Ringan,"V-belt, grease roller","Rp 273,971"
78,Honda Vario 150,8,21601,Tarikan berat,Tinggi,"Kampas rem, oli rem","Rp 1,510,801"
79,Honda Vario 125,5,19855,CVT licin,Sedang,"V-belt, grease roller","Rp 759,928"
80,Honda PCX Hybrid,1,39150,Bunyi aneh,Tinggi,"Kampas rem, oli rem","Rp 1,519,575"
81,Honda Supra GTR,4,34071,Lampu redup,Sedang,"Aki, kiprok","Rp 767,036"
82,Honda Beat Street,3,71643,Tarikan lambat,Tinggi,"Oli mesin, busi","Rp 1,535,822"
83,Honda Scoopy Stylish,1,62775,Tarikan lambat,Tinggi,"V-belt, grease roller","Rp 1,531,388"
84,Honda Scoopy,4,46162,Aki soak,Sedang,"V-belt, grease roller","Rp 773,081"
85,Honda Scoopy,8,6617,Bunyi aneh,Sedang,"Aki, kiprok","Rp 753,309"
86,Honda Revo Fit,3,13503,Mesin panas,Ringan,"V-belt, grease roller","Rp 256,752"
87,Honda Scoopy,1,84564,Rem kurang pakem,Tinggi,"Radiator, piston","Rp 1,542,282"
88,Honda PCX,3,46634,Oli bocor,Ringan,"Aki, kiprok","Rp 273,317"
89,Honda Supra X Helm-In,6,34821,Mesin bergetar,Tinggi,"CVT, roller","Rp 1,517,411"
90,Honda Beat,2,51190,Lampu redup,Sedang,"Kampas rem, oli rem","Rp 775,595"
91,Honda CBR 250RR,6,28870,Knalpot berasap,Ringan,"Busi, klep","Rp 264,435"
92,Honda Supra X Helm-In,5,24576,Mesin panas,Sedang,"CVT, roller","Rp 762,288"
93,Honda Beat Street,7,21135,Mesin panas,Tinggi,"Oli mesin, busi","Rp 1,510,568"
94,Honda PCX,3,44741,Rem kurang pakem,Sedang,"Busi, klep","Rp 772,371"
95,Honda Scoopy,4,9859,Rem kurang pakem,Tinggi,"CVT, roller","Rp 1,504,930"
96,Honda Supra GTR,5,8778,Getaran CVT,Tinggi,"Aki, kiprok","Rp 1,504,389"
97,Honda Revo Fit,6,45370,Rem kurang pakem,Tinggi,"Aki, kiprok","Rp 1,522,685"
98,Honda Supra GTR,5,33991,Tarikan berat,Sedang,"V-belt, grease roller","Rp 766,996"
99,Honda CBR 150R,3,40968,Tarikan berat,Tinggi,"Aki, kiprok","Rp 1,520,484"
100,Honda Scoopy,5,31065,Lampu redup,Ringan,"Kampas rem, oli rem","Rp 265,533"
101,Yamaha Lexi,8,79081,Bunyi aneh,Tinggi,"V-belt, grease roller","Rp 1,539,541"
102,Honda Revo Fit,1,25221,Suara kasar,Sedang,"Filter udara, oli mesin","Rp 762,611"
103,Honda Revo Fit,4,19134,Rem kurang pakem,Ringan,"Aki, kiprok","Rp 259,567"
104,Yamaha Aerox,7,19777,Tarikan lambat,Sedang,"Kampas rem, oli rem","Rp 759,889"
105,Yamaha Aerox,4,80876,Rem kurang pakem,Tinggi,"Oli mesin, busi","Rp 1,540,438"
106,Yamaha XMAX,5,10703,Oli bocor,Tinggi,"V-belt, grease roller","Rp 1,505,352"
107,Honda Supra X Helm-In,6,59786,Tarikan lambat,Ringan,"Aki, kiprok","Rp 279,893"
108,Suzuki Nex Crossover,3,72646,Rem kurang pakem,Sedang,"V-belt, grease roller","Rp 786,323"
109,Honda Scoopy Stylish,8,43865,Mesin panas,Ringan,"Aki, kiprok","Rp 271,933"
110,Honda Vario 150,8,10061,Rantai longgar,Tinggi,"Oli mesin, busi","Rp 1,505,031"
111,Honda PCX,1,19553,Suara kasar,Ringan,"Busi, klep","Rp 259,777"
112,Yamaha Lexi,4,54000,Bunyi aneh,Tinggi,"Radiator, piston","Rp 1,527,000"
113,Honda CBR 250RR,7,84233,Getaran CVT,Ringan,"Filter udara, oli mesin","Rp 292,117"
114,Suzuki Address Playful,2,20771,Tarikan berat,Tinggi,"Busi, klep","Rp 1,510,386"
115,Honda Supra X Helm-In,8,59238,Suara kasar,Tinggi,"Oli mesin, busi","Rp 1,529,619"
116,Yamaha FreeGo,5,84781,Bunyi aneh,Tinggi,"V-belt, grease roller","Rp 1,542,391"
117,Yamaha XMAX 250,8,6529,Knalpot berasap,Tinggi,"Filter udara, oli mesin","Rp 1,503,265"
118,Suzuki Satria FU,8,10356,Bunyi aneh,Sedang,"CVT, roller","Rp 755,178"
119,Yamaha Vega ZR,1,16743,Tarikan lambat,Sedang,"Aki, kiprok","Rp 758,372"
120,Suzuki Address Playful,5,61667,Rem kurang pakem,Tinggi,"Filter udara, oli mesin","Rp 1,530,834"
121,Honda Vario 125,4,5223,Mesin bergetar,Tinggi,"Kampas rem, oli rem","Rp 1,502,612"
122,Suzuki Nex II,8,41531,Suara kasar,Ringan,"Busi, klep","Rp 270,766"
123,Honda Vario 150,3,11240,Rantai longgar,Ringan,"Kampas rem, oli rem","Rp 255,620"
124,Suzuki Satria F150,8,64452,Rantai longgar,Ringan,"Oli mesin, busi","Rp 282,226"
125,Honda Vario 150,8,63036,Tarikan berat,Tinggi,"V-belt, grease roller","Rp 1,531,518"
126,Suzuki Burgman,2,59034,Bunyi aneh,Sedang,"Kampas rem, oli rem","Rp 779,517"
127,Honda Beat CBS,2,16016,Rantai longgar,Ringan,"Oli mesin, busi","Rp 258,008"
128,Yamaha XMAX,6,17100,Getaran CVT,Ringan,"Oli mesin, busi","Rp 258,550"
129,Yamaha Vega ZR,4,66996,CVT licin,Sedang,"Radiator, piston","Rp 783,498"
130,Honda Beat,7,40073,Rem kurang pakem,Tinggi,"CVT, roller","Rp 1,520,037"
131,Honda Beat CBS,4,40278,Suara kasar,Ringan,"Busi, klep","Rp 270,139"
132,Honda Beat,1,77359,Bunyi aneh,Tinggi,"Kampas rem, oli rem","Rp 1,538,680"
133,Yamaha NMAX,1,84602,Mesin bergetar,Sedang,"Oli mesin, busi","Rp 792,301"
134,Honda CBR 150R,7,28176,Mesin panas,Ringan,"Radiator, piston","Rp 264,088"
135,Honda Scoopy,1,84354,Getaran CVT,Ringan,"CVT, roller","Rp 292,177"
136,Suzuki Satria FU,4,63399,Knalpot berasap,Tinggi,"Aki, kiprok","Rp 1,531,700"
137,Suzuki Burgman,6,72324,Oli bocor,Tinggi,"CVT, roller","Rp 1,536,162"
138,Honda Supra GTR,5,29094,Getaran CVT,Ringan,"Radiator, piston","Rp 264,547"
139,Yamaha Vega ZR,6,11081,Mesin panas,Ringan,"Aki, kiprok","Rp 255,541"
140,Honda CBR 150R,3,76176,Getaran CVT,Ringan,"Aki, kiprok","Rp 288,088"
141,Suzuki Nex Crossover,1,9239,Tarikan berat,Ringan,"CVT, roller","Rp 254,620"
142,Yamaha Aerox,7,71694,Lampu redup,Sedang,"Radiator, piston","Rp 785,847"
143,Honda PCX Hybrid,4,29905,Lampu redup,Sedang,"Filter udara, oli mesin","Rp 764,953"
144,Yamaha Aerox,8,18389,Tarikan lambat,Sedang,"V-belt, grease roller","Rp 759,195"
145,Honda Supra GTR,8,18492,Knalpot berasap,Ringan,"Aki, kiprok","Rp 259,246"
146,Honda Scoopy,3,29452,Knalpot berasap,Ringan,"Filter udara, oli mesin","Rp 264,726"
147,Honda Supra GTR,7,26962,Rem kurang pakem,Ringan,"Oli mesin, busi","Rp 263,481"
148,Honda CBR 250RR,1,46347,Rantai longgar,Sedang,"Radiator, piston","Rp 773,174"
149,Honda Beat Street,2,62548,Mesin bergetar,Tinggi,"Oli mesin, busi","Rp 1,531,274"
150,Honda Supra X 125,1,77673,CVT licin,Tinggi,"Filter udara, oli mesin","Rp 1,538,837"
151,Yamaha XMAX 250,7,50008,Mesin panas,Sedang,"V-belt, grease roller","Rp 775,004"
152,Yamaha FreeGo,8,42891,Knalpot berasap,Sedang,"Busi, klep","Rp 771,446"
153,Honda Scoopy,6,40873,Suara kasar,Tinggi,"Busi, klep","Rp 1,520,437"
154,Yamaha FreeGo,8,27473,Aki soak,Tinggi,"Oli mesin, busi","Rp 1,513,737"
155,Honda Supra GTR,3,62419,Lampu redup,Tinggi,"Filter udara, oli mesin","Rp 1,531,210"
156,Honda CBR 250RR,5,17302,Getaran CVT,Sedang,"Oli mesin, busi","Rp 758,651"
157,Yamaha FreeGo,7,40907,Tarikan lambat,Sedang,"CVT, roller","Rp 770,454"
158,Honda Scoopy,4,50401,Rantai longgar,Tinggi,"CVT, roller","Rp 1,525,201"
159,Honda Beat CBS,3,51712,Mesin bergetar,Ringan,"Radiator, piston","Rp 275,856"
160,Yamaha NMAX,7,80217,Lampu redup,Sedang,"Oli mesin, busi","Rp 790,109"
161,Honda CBR 250RR,3,60570,Bunyi aneh,Ringan,"Oli mesin, busi","Rp 280,285"
162,Suzuki Satria F150,5,40098,Getaran CVT,Sedang,"Busi, klep","Rp 770,049"
163,Honda Supra GTR,5,46555,Tarikan lambat,Tinggi,"Busi, klep","Rp 1,523,278"
164,Honda Beat CBS,3,78941,Getaran CVT,Ringan,"Aki, kiprok","Rp 289,471"
165,Honda Vario 150,1,20755,Suara kasar,Sedang,"Aki, kiprok","Rp 760,378"
166,Suzuki Nex II,7,58435,Rem kurang pakem,Sedang,"CVT, roller","Rp 779,218"
167,Kawasaki Ninja 250,1,18692,Rem kurang pakem,Sedang,"Radiator, piston","Rp 759,346"
168,Honda Scoopy Stylish,7,71439,Tarikan lambat,Tinggi,"Aki, kiprok","Rp 1,535,720"
169,Suzuki Nex II,5,34920,Rem kurang pakem,Ringan,"Busi, klep","Rp 267,460"
170,Suzuki Burgman,8,52990,CVT licin,Tinggi,"Aki, kiprok","Rp 1,526,495"
171,Honda PCX Hybrid,5,29281,Mesin panas,Sedang,"Aki, kiprok","Rp 764,641"
172,Yamaha Mio S,1,64072,Lampu redup,Tinggi,"Busi, klep","Rp 1,532,036"
173,Honda Vario 125,8,34999,Mesin panas,Ringan,"Kampas rem, oli rem","Rp 267,500"
174,Yamaha FreeGo,4,44973,Mesin bergetar,Tinggi,"Radiator, piston","Rp 1,522,487"
175,Honda Beat CBS,4,5458,Rem kurang pakem,Sedang,"Kampas rem, oli rem","Rp 752,729"
176,Honda Scoopy,4,71281,Tarikan lambat,Sedang,"Busi, klep","Rp 785,641"
177,Suzuki Nex II,5,12463,Tarikan lambat,Tinggi,"Oli mesin, busi","Rp 1,506,232"
178,Yamaha XMAX,5,16867,Suara kasar,Tinggi,"V-belt, grease roller","Rp 1,508,434"
179,Honda Supra X 125,5,51757,Mesin panas,Sedang,"Busi, klep","Rp 775,879"
180,Honda PCX Hybrid,5,49322,Knalpot berasap,Sedang,"Filter udara, oli mesin","Rp 774,661"
181,Yamaha XMAX 250,3,21181,Rem kurang pakem,Sedang,"Radiator, piston","Rp 760,591"
182,Suzuki Address Playful,1,18937,Getaran CVT,Ringan,"Filter udara, oli mesin","Rp 259,469"
183,Suzuki Satria F150,8,25080,Mesin panas,Sedang,"CVT, roller","Rp 762,540"
184,Kawasaki Ninja 250,2,73598,Tarikan berat,Tinggi,"Aki, kiprok","Rp 1,536,799"
185,Honda Supra GTR,7,29476,Knalpot berasap,Ringan,"Aki, kiprok","Rp 264,738"
186,Suzuki Address Playful,6,45132,Rem kurang pakem,Ringan,"Filter udara, oli mesin","Rp 272,566"
187,Honda PCX,1,71994,Mesin panas,Sedang,"Busi, klep","Rp 785,997"
188,Honda PCX Hybrid,5,33936,Oli bocor,Ringan,"CVT, roller","Rp 266,968"
189,Honda Vario 150,7,65882,Mesin bergetar,Sedang,"V-belt, grease roller","Rp 782,941"
190,Suzuki Address Playful,2,68758,Mesin bergetar,Sedang,"Busi, klep","Rp 784,379"
191,Honda Scoopy,7,38673,Getaran CVT,Tinggi,"Radiator, piston","Rp 1,519,337"
192,Yamaha NMAX,7,61821,Rem kurang pakem,Tinggi,"V-belt, grease roller","Rp 1,530,911"
193,Suzuki Nex II,2,80836,Mesin bergetar,Tinggi,"Filter udara, oli mesin","Rp 1,540,418"
194,Honda CBR 250RR,7,23072,Bunyi aneh,Tinggi,"Aki, kiprok","Rp 1,511,536"
195,Honda Beat CBS,5,10758,CVT licin,Ringan,"CVT, roller","Rp 255,379"
196,Honda Beat CBS,8,55771,Mesin panas,Tinggi,"Busi, klep","Rp 1,527,886"
197,Honda Beat,4,25161,Lampu redup,Ringan,"Busi, klep","Rp 262,581"
198,Honda Supra GTR,4,76373,Suara kasar,Tinggi,"Radiator, piston","Rp 1,538,187"
199,Yamaha Aerox,6,7754,Mesin bergetar,Tinggi,"Radiator, piston","Rp 1,503,877"
200,Honda Revo Fit,5,14272,Tarikan lambat,Ringan,"Radiator, piston","Rp 257,136"
201,Yamaha NMAX 155,4,35420,Getaran CVT,Sedang,"Service CVT total, V-belt","Rp 767,710"
202,Kawasaki Ninja 250,2,19800,Kopling selip,Sedang,"Ganti kampas kopling, oli","Rp 759,900"
203,Yamaha Aerox 155,3,27100,MIL nyala (kedip),Sedang,"Scan ECU, ganti sensor","Rp 763,550"
204,Kawasaki KLX 150,5,48700,Suara knalpot tembak,Tinggi,"Setting CO, cek klep","Rp 1,524,350"
205,Yamaha Vixion,7,65100,Oli bocor parah,Tinggi,"Ganti seal, packing mesin","Rp 1,532,550"
206,Yamaha Mio M3,6,44900,Gredeg saat akselerasi,Sedang,"Kampas ganda, mangkok CVT","Rp 772,450"
207,Kawasaki W175,1,8500,Normal,Ringan,"Oli mesin, filter","Rp 254,250"
208,Yamaha NMAX 155,5,52300,Rem kurang pakem,Sedang,"Kampas rem, ganti minyak rem","Rp 776,150"
209,Kawasaki Ninja 650,4,30500,Mesin bergetar,Tinggi,"Setting injeksi, cek throttle","Rp 1,515,250"
210,Yamaha Jupiter Z,8,75600,Knalpot berasap putih,Tinggi,"Ganti ring piston, seal klep","Rp 1,537,800"
211,Yamaha Lexi,2,14200,Normal,Ringan,"Oli mesin, busi","Rp 257,100"
212,Kawasaki Ninja 250,6,58900,Suara mesin kasar,Tinggi,"Turun mesin, cek stang seher","Rp 1,529,450"
213,Yamaha R15,3,22400,Kopling berat,Sedang,"Ganti kabel kopling, setel","Rp 761,200"
214,Kawasaki KLX 150,7,68200,Suspensi bocor,Sedang,"Ganti seal shock, oli shock","Rp 784,100"
215,Yamaha Aerox 155,4,45800,Tarikan berat di atas,Sedang,"Service injeksi, filter bensin","Rp 772,900"
216,Yamaha Mio M3,5,33500,Gredeg saat jalan,Sedang,"Ganti roller, kampas ganda","Rp 766,750"
217,Kawasaki Z250,3,15600,Normal,Ringan,"Tune up, ganti oli","Rp 257,800"
218,Yamaha NMAX 155,6,61000,V-Belt putus,Tinggi,"Ganti V-Belt, roller, service CVT","Rp 1,530,500"
219,Yamaha Vixion,8,82900,Mesin overheat,Tinggi,"Ganti radiator, water pump","Rp 1,541,450"
220,Kawasaki W175,4,32100,Rem kurang pakem,Sedang,"Ganti kampas rem, bersihkan kaliper","Rp 766,050"
221,Yamaha NMAX 155,2,18500,Normal,Ringan,"Service rutin, ganti oli","Rp 259,250"
222,Kawasaki Ninja 250,5,40100,Tarikan berat,Sedang,"Bersihkan injektor, busi","Rp 770,050"
223,Yamaha R25,6,50500,Mesin mati mendadak,Tinggi,"Cek pengapian, CDI/ECU","Rp 1,525,250"
224,Kawasaki D-Tracker 150,3,25200,Rantai berisik,Ringan,"Setel rantai, pelumasan","Rp 262,600"
225,Yamaha XMAX 250,1,10200,Normal,Ringan,Service rutin,"Rp 255,100"
226,Kawasaki Z900,4,38500,Kopling keras,Sedang,"Ganti kabel kopling, setel","Rp 769,250"
227,Yamaha Fino,7,48900,Knalpot berasap,Tinggi,"Ganti ring piston, cek blok","Rp 1,524,450"
228,Kawasaki Z1000,5,45000,Rem depan blong,Tinggi,"Master rem, minyak rem","Rp 1,522,500"
229,Yamaha Mio J,9,70100,Suara mesin kasar,Tinggi,"Turun mesin, Overhaul","Rp 1,535,050"
230,Kawasaki KLX 250,2,16500,Normal,Ringan,Service rutin,"Rp 258,250"
231,Yamaha NMAX 155,3,28000,Getaran CVT,Sedang,Ganti V-Belt dan Roller,"Rp 764,000"
232,Kawasaki Ninja 250,5,42000,Oli bocor tipis,Sedang,"Ganti seal oli, paking","Rp 771,000"
233,Yamaha Aerox 155,1,12000,Normal,Ringan,"Oli mesin, cek busi","Rp 256,000"
234,Kawasaki KLX 150,6,55000,Tarikan berat,Sedang,"Service karburator, filter","Rp 777,500"
235,Yamaha Vixion,4,30000,Normal,Ringan,"Ganti oli, setel rantai","Rp 265,000"
236,Yamaha Mio M3,8,52000,Mesin berisik,Tinggi,"Cek stang piston, Turun mesin","Rp 1,526,000"
237,Kawasaki W175,3,20000,Rem kurang pakem,Sedang,Ganti kampas rem,"Rp 760,000"
238,Yamaha NMAX 155,5,40000,Gredeg saat akselerasi,Sedang,Ganti kampas ganda,"Rp 770,000"
239,Kawasaki Ninja 250,7,60000,Knalpot berasap putih,Tinggi,"Ganti ring piston, Turun mesin","Rp 1,530,000"
240,Yamaha Jupiter Z,9,80000,Suara mesin kasar,Tinggi,Overhaul total,"Rp 1,540,000"
241,Yamaha Lexi,4,35000,Rem kurang pakem,Sedang,"Ganti kampas rem, setel","Rp 767,500"
242,Kawasaki Z250,2,18000,Normal,Ringan,Service rutin,"Rp 259,000"
243,Yamaha R15,5,45000,Mesin panas,Sedang,"Cek radiator, oli mesin","Rp 772,500"
244,Kawasaki D-Tracker 150,4,30000,Rantai berisik,Ringan,Pelumasan rantai,"Rp 265,000"
245,Yamaha XMAX 250,2,15000,Normal,Ringan,Service rutin,"Rp 257,500"
246,Kawasaki Z900,5,40000,Kopling selip,Tinggi,Ganti set kopling,"Rp 1,520,000"
247,Yamaha Fino,6,50000,Tarikan berat,Sedang,"Service CVT, ganti roller","Rp 775,000"
248,Kawasaki Z1000,6,55000,Mesin mati mendadak,Tinggi,"Cek pengapian, ECU","Rp 1,527,500"
249,Yamaha Mio J,7,60000,Gredeg saat jalan,Sedang,"Kampas ganda, V-belt","Rp 780,000"
250,Kawasaki KLX 250,3,25000,Normal,Ringan,"Service rutin, cek rantai","Rp 262,500"
251,Yamaha NMAX 155,5,42000,Getaran CVT parah,Tinggi,"Ganti V-belt, roller, kampas ganda","Rp 1,521,000"
252,Kawasaki Ninja 250,3,25000,Oli bocor,Sedang,"Ganti seal, paking","Rp 762,500"
253,Yamaha Aerox 155,6,50000,Starter sulit,Sedang,"Cek aki, service throttle body","Rp 775,000"
254,Kawasaki KLX 150,8,70000,Suspensi belakang ambles,Tinggi,Ganti shockbreaker,"Rp 1,535,000"
255,Yamaha Vixion,5,40000,Tarikan berat,Sedang,Service karburator/injeksi,"Rp 770,000"
256,Yamaha Mio M3,7,65000,Knalpot berasap,Tinggi,"Ganti ring piston, Turun mesin","Rp 1,532,500"
257,Kawasaki W175,5,35000,Bunyi aneh di mesin,Sedang,"Cek rantai keteng, setel","Rp 767,500"
258,Yamaha NMAX 155,8,75000,Overheat,Tinggi,"Ganti radiator, cek water pump","Rp 1,537,500"
259,Kawasaki Ninja 250,4,30000,Normal,Ringan,"Service rutin, cek cairan","Rp 265,000"
260,Yamaha Jupiter Z,6,55000,Mesin berisik,Tinggi,"Turun mesin, cek klep","Rp 1,527,500"
261,Yamaha NMAX 155,6,50000,Gredeg saat akselerasi,Sedang,"Bersihkan CVT, ganti roller","Rp 775,000"
262,Kawasaki Ninja 250,7,65000,Kopling selip,Tinggi,"Set kopling baru, oli","Rp 1,532,500"
263,Yamaha Aerox 155,2,18000,Normal,Ringan,Service rutin,"Rp 259,000"
264,Kawasaki KLX 150,5,40000,Rantai berisik,Sedang,Ganti gear set,"Rp 770,000"
265,Yamaha Vixion,8,75000,Oli bocor parah,Tinggi,"Turun mesin, ganti seal","Rp 1,537,500"
266,Yamaha Mio M3,3,25000,Tarikan berat,Sedang,"Service CVT, ganti V-belt","Rp 762,500"
267,Kawasaki W175,6,45000,Rem kurang pakem,Sedang,"Ganti kampas rem, setel","Rp 772,500"
268,Yamaha NMAX 155,4,38000,Normal,Ringan,"Service rutin, ganti oli","Rp 269,000"
269,Kawasaki Ninja 650,5,45000,Mesin bergetar,Tinggi,"Cek balance, setting injeksi","Rp 1,522,500"
270,Yamaha Jupiter Z,9,85000,Knalpot berasap,Tinggi,"Overhaul, ganti ring piston","Rp 1,542,500"
271,Yamaha Lexi,3,22000,Rem kurang pakem,Sedang,Ganti kampas rem depan/belakang,"Rp 761,000"
272,Kawasaki Z250,4,30000,Tarikan berat,Sedang,"Tune up, service injeksi","Rp 765,000"
273,Yamaha R15,6,55000,Mesin panas,Tinggi,"Cek radiator bocor, ganti air","Rp 1,527,500"
274,Kawasaki D-Tracker 150,5,35000,Rantai kendor,Ringan,Setel rantai,"Rp 267,500"
275,Yamaha XMAX 250,3,25000,Normal,Ringan,Service rutin,"Rp 262,500"
276,Kawasaki Z900,6,50000,Kopling selip,Tinggi,Ganti set kopling,"Rp 1,525,000"
277,Yamaha Fino,8,60000,Tarikan berat,Sedang,Service CVT besar,"Rp 780,000"
278,Kawasaki Z1000,7,65000,Mesin berisik,Tinggi,"Turun mesin, cek klep","Rp 1,532,500"
279,Yamaha Mio J,9,75000,Suara mesin kasar,Tinggi,"Overhaul total, ganti piston","Rp 1,537,500"
280,Kawasaki KLX 250,4,30000,Normal,Ringan,Service rutin,"Rp 265,000"
281,Yamaha NMAX 155,5,40000,V-Belt putus,Tinggi,"Ganti V-belt, roller","Rp 1,520,000"
282,Kawasaki Ninja 250,2,15000,Normal,Ringan,Service rutin,"Rp 257,500"
283,Yamaha Aerox 155,4,30000,Starter sulit,Sedang,"Cek aki, service throttle body","Rp 765,000"
284,Kawasaki KLX 150,7,60000,Suspensi bocor,Sedang,Ganti seal dan oli shock,"Rp 780,000"
285,Yamaha Vixion,6,50000,Tarikan berat,Sedang,"Service injeksi, busi","Rp 775,000"
286,Yamaha Mio M3,8,70000,Knalpot berasap,Tinggi,Ganti ring piston,"Rp 1,535,000"
287,Kawasaki W175,4,30000,Normal,Ringan,Service rutin,"Rp 265,000"
288,Yamaha NMAX 155,7,65000,Mesin overheat,Tinggi,"Cek radiator, water pump","Rp 1,532,500"
289,Kawasaki Ninja 250,5,40000,Kopling keras,Sedang,Ganti kabel kopling,"Rp 770,000"
290,Yamaha Jupiter Z,7,60000,Suara mesin kasar,Tinggi,"Turun mesin, cek klep","Rp 1,530,000"
291,Yamaha Lexi,5,45000,Getaran CVT,Sedang,Ganti V-belt dan Roller,"Rp 772,500"
292,Kawasaki Z250,3,20000,Rem kurang pakem,Sedang,Ganti kampas rem,"Rp 760,000"
293,Yamaha R15,4,35000,Normal,Ringan,Service rutin,"Rp 267,500"
294,Kawasaki D-Tracker 150,6,50000,Tarikan berat,Sedang,Service karburator,"Rp 775,000"
295,Yamaha XMAX 250,4,30000,Normal,Ringan,Service rutin,"Rp 265,000"
296,Kawasaki Z900,7,60000,Kopling selip,Tinggi,Set kopling baru,"Rp 1,530,000"
297,Yamaha Fino,5,40000,Gredeg saat jalan,Sedang,"Kampas ganda, roller","Rp 770,000"
298,Kawasaki Z1000,8,70000,Mesin mati mendadak,Tinggi,"Cek pengapian, ECU","Rp 1,535,000"
299,Yamaha Mio J,6,55000,Tarikan berat,Sedang,"Service CVT, ganti V-belt","Rp 777,500"
300,Kawasaki KLX 250,5,40000,Rantai berisik,Sedang,Ganti gear set,"Rp 770,000"
301,Yamaha NMAX 155,2,20000,Normal,Ringan,Service rutin,"Rp 260,000"
302,Kawasaki Ninja 250,6,50000,Oli bocor,Sedang,"Ganti seal, paking","Rp 775,000"
303,Yamaha Aerox 155,5,45000,MIL nyala (kedip),Tinggi,"Scan ECU, ganti sensor O2","Rp 1,522,500"
304,Kawasaki KLX 150,3,25000,Normal,Ringan,Service rutin,"Rp 262,500"
305,Yamaha Vixion,7,60000,Knalpot berasap,Tinggi,Ganti ring piston,"Rp 1,530,000"
306,Yamaha Mio M3,4,30000,Normal,Ringan,Service rutin,"Rp 265,000"
307,Kawasaki W175,7,55000,Suspensi bocor,Sedang,Ganti seal shock,"Rp 777,500"
308,Yamaha NMAX 155,8,70000,Oli bocor parah,Tinggi,"Turun mesin, ganti seal","Rp 1,535,000"
309,Kawasaki Ninja 650,3,25000,Normal,Ringan,Service rutin,"Rp 262,500"
310,Yamaha Jupiter Z,5,40000,Tarikan berat,Sedang,Service karburator,"Rp 770,000"
311,Yamaha Lexi,6,50000,Gredeg saat akselerasi,Sedang,Ganti kampas ganda,"Rp 775,000"
312,Kawasaki Z250,5,40000,Mesin panas,Sedang,"Cek radiator, busi","Rp 770,000"
313,Yamaha R15,7,60000,Kopling selip,Tinggi,Ganti set kopling,"Rp 1,530,000"
314,Kawasaki D-Tracker 150,4,30000,Rem kurang pakem,Sedang,Ganti kampas rem,"Rp 765,000"
315,Yamaha XMAX 250,6,50000,Tarikan berat,Sedang,Service CVT besar,"Rp 775,000"
316,Kawasaki Z900,4,30000,Normal,Ringan,Service rutin,"Rp 265,000"
317,Yamaha Fino,9,70000,Suara mesin kasar,Tinggi,Overhaul total,"Rp 1,535,000"
318,Kawasaki Z1000,5,45000,Kopling selip,Tinggi,Ganti set kopling,"Rp 1,522,500"
319,Yamaha Mio J,8,65000,Knalpot berasap,Tinggi,Ganti ring piston,"Rp 1,532,500"
320,Kawasaki KLX 250,6,50000,Mesin berisik,Tinggi,"Turun mesin, cek stang seher","Rp 1,525,000"
321,Yamaha NMAX 155,3,25000,Normal,Ringan,Service rutin,"Rp 262,500"
322,Kawasaki Ninja 250,5,45000,Tarikan berat,Sedang,"Service injeksi, busi","Rp 772,500"
323,Yamaha Aerox 155,6,55000,Gredeg saat jalan,Sedang,"Ganti roller, kampas ganda","Rp 777,500"
324,Kawasaki KLX 150,4,35000,Normal,Ringan,Service rutin,"Rp 267,500"
325,Yamaha Vixion,8,70000,Mesin mati mendadak,Tinggi,"Cek pengapian, ECU","Rp 1,535,000"
326,Yamaha Mio M3,2,15000,Normal,Ringan,Service rutin,"Rp 257,500"
327,Kawasaki W175,5,40000,Rem kurang pakem,Sedang,Ganti kampas rem,"Rp 770,000"
328,Yamaha NMAX 155,7,60000,V-Belt putus,Tinggi,"Ganti V-belt, service CVT","Rp 1,530,000"
329,Kawasaki Ninja 650,6,50000,Oli bocor,Sedang,"Ganti seal, paking","Rp 775,000"
330,Yamaha Jupiter Z,4,30000,Normal,Ringan,Service rutin,"Rp 265,000"
331,Yamaha Lexi,7,60000,Starter sulit,Sedang,Service throttle body,"Rp 780,000"
332,Kawasaki Z250,2,15000,Normal,Ringan,Service rutin,"Rp 257,500"
333,Yamaha R15,5,40000,Mesin panas,Sedang,"Cek radiator, ganti air","Rp 770,000"
334,Kawasaki D-Tracker 150,7,60000,Suspensi bocor,Sedang,Ganti seal shock,"Rp 780,000"
335,Yamaha XMAX 250,5,45000,Getaran CVT,Sedang,"Ganti roller, V-belt","Rp 772,500"
336,Kawasaki Z900,3,25000,Normal,Ringan,Service rutin,"Rp 262,500"
337,Yamaha Fino,6,55000,Knalpot berasap,Tinggi,Ganti ring piston,"Rp 1,527,500"
338,Kawasaki Z1000,4,35000,Mesin bergetar,Tinggi,"Setting injeksi, cek klep","Rp 1,517,500"
339,Yamaha Mio J,7,60000,Oli bocor parah,Tinggi,"Turun mesin, ganti seal","Rp 1,530,000"
340,Kawasaki KLX 250,5,45000,Tarikan berat,Sedang,Service karburator/injeksi,"Rp 772,500"
341,Yamaha NMAX 155,8,70000,Gredeg saat akselerasi,Sedang,Ganti kampas ganda,"Rp 785,000"
342,Kawasaki Ninja 250,4,35000,Normal,Ringan,Service rutin,"Rp 267,500"
343,Yamaha Aerox 155,7,65000,V-Belt putus,Tinggi,"Ganti V-belt, service CVT","Rp 1,532,500"
344,Kawasaki KLX 150,2,15000,Normal,Ringan,Service rutin,"Rp 257,500"
345,Yamaha Vixion,5,40000,Kopling selip,Sedang,Ganti kampas kopling,"Rp 770,000"
346,Yamaha Mio M3,6,50000,Knalpot berasap,Tinggi,Ganti ring piston,"Rp 1,525,000"
347,Kawasaki W175,3,25000,Rem kurang pakem,Sedang,Ganti kampas rem,"Rp 762,500"
348,Yamaha NMAX 155,4,30000,Normal,Ringan,Service rutin,"Rp 265,000"
349,Kawasaki Ninja 650,7,60000,Mesin panas,Tinggi,"Cek radiator, water pump","Rp 1,530,000"
350,Yamaha Jupiter Z,8,70000,Mesin mati mendadak,Tinggi,"Cek pengapian, CDI","Rp 1,535,000"
351,Yamaha Lexi,2,18000,Normal,Ringan,Service rutin,"Rp 259,000"
352,Kawasaki Z250,6,50000,Tarikan berat,Sedang,"Service injeksi, busi","Rp 775,000"
353,Yamaha R15,3,25000,Normal,Ringan,Service rutin,"Rp 262,500"
354,Kawasaki D-Tracker 150,8,70000,Suspensi bocor,Sedang,Ganti seal shock,"Rp 785,000"
355,Yamaha XMAX 250,6,55000,Gredeg saat akselerasi,Sedang,"Ganti roller, kampas ganda","Rp 777,500"
356,Kawasaki Z900,5,40000,Kopling keras,Sedang,Ganti kabel kopling,"Rp 770,000"
357,Yamaha Fino,7,60000,Suara mesin kasar,Tinggi,"Overhaul, cek klep","Rp 1,530,000"
358,Kawasaki Z1000,6,50000,Knalpot berasap putih,Tinggi,Ganti ring piston,"Rp 1,525,000"
359,Yamaha Mio J,8,65000,Tarikan berat,Sedang,Service CVT besar,"Rp 782,500"
360,Kawasaki KLX 250,7,60000,Oli bocor,Sedang,"Ganti seal, paking","Rp 780,000"
361,Yamaha NMAX 155,5,40000,Normal,Ringan,Service rutin,"Rp 270,000"
362,Kawasaki Ninja 250,8,70000,Kopling selip,Tinggi,Ganti set kopling,"Rp 1,535,000"
363,Yamaha Aerox 155,3,25000,Normal,Ringan,Service rutin,"Rp 262,500"
364,Kawasaki KLX 150,9,75000,Mesin berisik,Tinggi,"Turun mesin, cek stang seher","Rp 1,537,500"
365,Yamaha Vixion,4,35000,Rem kurang pakem,Sedang,Ganti kampas rem,"Rp 767,500"
366,Yamaha Mio M3,7,60000,Gredeg saat jalan,Sedang,Ganti kampas ganda,"Rp 780,000"
367,Kawasaki W175,6,50000,Normal,Ringan,Service rutin,"Rp 275,000"
368,Yamaha NMAX 155,9,80000,Mesin overheat,Tinggi,Ganti water pump,"Rp 1,540,000"
369,Kawasaki Ninja 650,4,30000,Kopling keras,Sedang,Ganti kabel kopling,"Rp 765,000"
370,Yamaha Jupiter Z,5,40000,Normal,Ringan,Service rutin,"Rp 270,000"
371,Yamaha Lexi,8,70000,V-Belt putus,Tinggi,"Ganti V-belt, roller","Rp 1,535,000"
372,Kawasaki Z250,3,20000,Normal,Ringan,Service rutin,"Rp 260,000"
373,Yamaha R15,6,50000,Knalpot berasap putih,Tinggi,Ganti ring piston,"Rp 1,525,000"
374,Kawasaki D-Tracker 150,4,35000,Normal,Ringan,Service rutin,"Rp 267,500"
375,Yamaha XMAX 250,7,60000,Starter sulit,Sedang,Service throttle body,"Rp 780,000"
376,Kawasaki Z900,5,40000,Normal,Ringan,Service rutin,"Rp 270,000"
377,Yamaha Fino,8,70000,Mesin mati mendadak,Tinggi,"Cek pengapian, ECU","Rp 1,535,000"
378,Kawasaki Z1000,6,50000,Mesin berisik,Tinggi,"Turun mesin, cek stang seher","Rp 1,525,000"
379,Yamaha Mio J,9,75000,Kopling selip,Tinggi,Ganti set kopling,"Rp 1,537,500"
380,Kawasaki KLX 250,7,60000,Tarikan berat,Sedang,"Service injeksi, busi","Rp 780,000"
381,Suzuki Satria F150,5,42000,Suara mesin kasar,Tinggi,"Setting klep, cek noken as","Rp 1,521,000"
382,Suzuki Address,2,15000,Normal,Ringan,"Service rutin, ganti oli","Rp 257,500"
383,Suzuki GSX-R150,3,25000,Kopling selip,Sedang,Ganti kampas kopling,"Rp 762,500"
384,Suzuki Skydrive,6,50000,Tarikan berat CVT,Sedang,"Ganti V-belt, roller","Rp 775,000"
385,Suzuki GSX-S150,4,35000,Rem kurang pakem,Sedang,"Ganti kampas rem, setel","Rp 767,500"
386,Suzuki Smash,8,70000,Knalpot berasap,Tinggi,"Ganti ring piston, seal klep","Rp 1,535,000"
387,Suzuki Nex II,1,9000,Normal,Ringan,"Oli mesin, busi","Rp 254,500"
388,Suzuki Satria FU,7,60000,Mesin panas,Sedang,"Cek radiator, water pump","Rp 780,000"
389,Suzuki Address Playful,3,22000,Gredeg saat akselerasi,Sedang,"Bersihkan CVT, ganti grease","Rp 761,000"
390,Suzuki Shogun SP,9,85000,Mesin mati mendadak,Tinggi,"Cek pengapian, CDI","Rp 1,542,500"
391,Suzuki Satria F150,2,18000,Normal,Ringan,Service rutin,"Rp 259,000"
392,Suzuki Address,5,40000,Oli bocor tipis,Sedang,"Ganti seal oli, paking","Rp 770,000"
393,Suzuki GSX-R150,6,55000,Tarikan berat,Tinggi,"Service injeksi, busi","Rp 1,527,500"
394,Suzuki Skydrive,4,30000,Rem kurang pakem,Sedang,Ganti kampas rem,"Rp 765,000"
395,Suzuki GSX-S150,7,65000,Kopling keras,Sedang,Ganti kabel kopling,"Rp 782,500"
396,Suzuki Smash,10,90000,Suara mesin kasar,Tinggi,Overhaul total,"Rp 1,545,000"
397,Suzuki Nex II,3,20000,Normal,Ringan,Service rutin,"Rp 260,000"
398,Suzuki Satria FU,4,35000,Normal,Ringan,Service rutin,"Rp 267,500"
399,Suzuki Address Playful,7,60000,V-Belt putus,Tinggi,"Ganti V-belt, service CVT","Rp 1,530,000"
400,Suzuki Shogun SP,5,45000,Rantai berisik,Sedang,Ganti gear set,"Rp 772,500"
401,Suzuki Satria F150,6,50000,Mesin panas,Sedang,"Cek radiator, busi","Rp 775,000"
402,Suzuki Address,1,10000,Normal,Ringan,"Oli mesin, busi","Rp 255,000"
403,Suzuki GSX-R150,4,30000,Rem kurang pakem,Sedang,Ganti kampas rem,"Rp 765,000"
404,Suzuki Skydrive,7,60000,Gredeg saat jalan,Sedang,"Kampas ganda, roller","Rp 780,000"
405,Suzuki GSX-S150,5,40000,Normal,Ringan,Service rutin,"Rp 270,000"
406,Suzuki Smash,9,80000,Oli bocor parah,Tinggi,"Turun mesin, ganti seal","Rp 1,540,000"
407,Suzuki Nex II,4,30000,Tarikan berat,Sedang,"Service CVT, busi","Rp 765,000"
408,Suzuki Satria FU,3,25000,Normal,Ringan,Service rutin,"Rp 262,500"
409,Suzuki Address Playful,6,50000,Rem kurang pakem,Sedang,Ganti kampas rem,"Rp 775,000"
410,Suzuki Shogun SP,10,95000,Knalpot berasap,Tinggi,Ganti ring piston,"Rp 1,547,500"
411,Suzuki Satria F150,3,22000,Normal,Ringan,Service rutin,"Rp 261,000"
412,Suzuki Address,7,60000,Tarikan berat,Sedang,"Ganti V-belt, roller","Rp 780,000"
413,Suzuki GSX-R150,2,15000,Normal,Ringan,Service rutin,"Rp 257,500"
414,Suzuki Skydrive,8,70000,V-Belt putus,Tinggi,"Ganti V-belt, service CVT","Rp 1,535,000"
415,Suzuki GSX-S150,3,28000,Kopling selip,Sedang,Ganti kampas kopling,"Rp 764,000"
416,Suzuki Smash,5,40000,Normal,Ringan,Service rutin,"Rp 270,000"
417,Suzuki Nex II,6,50000,Tarikan berat,Sedang,"Service CVT, busi","Rp 775,000"
418,Suzuki Satria FU,8,75000,Suara mesin kasar,Tinggi,"Turun mesin, cek stang seher","Rp 1,537,500"
419,Suzuki Address Playful,2,18000,Normal,Ringan,Service rutin,"Rp 259,000"
420,Suzuki Shogun SP,7,65000,Rem kurang pakem,Sedang,Ganti kampas rem,"Rp 782,500"
421,Suzuki Satria F150,4,30000,Normal,Ringan,Service rutin,"Rp 265,000"
422,Suzuki Address,3,25000,Normal,Ringan,Service rutin,"Rp 262,500"
423,Suzuki GSX-R150,7,60000,Mesin panas,Tinggi,"Cek radiator, water pump","Rp 1,530,000"
424,Suzuki Skydrive,5,40000,Rem kurang pakem,Sedang,Ganti kampas rem,"Rp 770,000"
425,Suzuki GSX-S150,8,70000,Knalpot berasap,Tinggi,Ganti ring piston,"Rp 1,535,000"
426,Suzuki Smash,4,30000,Normal,Ringan,Service rutin,"Rp 265,000"
427,Suzuki Nex II,5,40000,Gredeg saat akselerasi,Sedang,Ganti kampas ganda,"Rp 770,000"
428,Suzuki Satria FU,9,80000,Oli bocor parah,Tinggi,"Turun mesin, ganti seal","Rp 1,540,000"
429,Suzuki Address Playful,4,30000,Normal,Ringan,Service rutin,"Rp 265,000"
430,Suzuki Shogun SP,8,75000,Tarikan berat,Sedang,Service karburator,"Rp 787,500"
431,Suzuki Satria F150,7,60000,Kopling selip,Sedang,Ganti kampas kopling,"Rp 780,000"
432,Suzuki Address,6,50000,Tarikan berat,Sedang,"Ganti V-belt, roller","Rp 775,000"
433,Suzuki GSX-R150,1,10000,Normal,Ringan,Service rutin,"Rp 255,000"
434,Suzuki Skydrive,9,80000,Suara mesin kasar,Tinggi,Overhaul total,"Rp 1,540,000"
435,Suzuki GSX-S150,2,18000,Normal,Ringan,Service rutin,"Rp 259,000"
436,Suzuki Smash,7,60000,Rem kurang pakem,Sedang,Ganti kampas rem,"Rp 780,000"
437,Suzuki Nex II,1,8000,Normal,Ringan,"Oli mesin, busi","Rp 254,000"
438,Suzuki Satria FU,5,40000,Normal,Ringan,Service rutin,"Rp 270,000"
439,Suzuki Address Playful,8,70000,Tarikan berat,Sedang,"Ganti V-belt, roller","Rp 785,000"
440,Suzuki Shogun SP,6,55000,Normal,Ringan,Service rutin,"Rp 277,500"
441,Suzuki Satria F150,3,25000,Rem kurang pakem,Sedang,Ganti kampas rem,"Rp 762,500"
442,Suzuki Address,4,35000,Gredeg saat akselerasi,Sedang,Ganti kampas ganda,"Rp 767,500"
443,Suzuki GSX-R150,7,65000,Knalpot berasap,Tinggi,Ganti ring piston,"Rp 1,532,500"
444,Suzuki Skydrive,2,15000,Normal,Ringan,Service rutin,"Rp 257,500"
445,Suzuki GSX-S150,5,45000,Tarikan berat,Sedang,"Service injeksi, busi","Rp 772,500"
446,Suzuki Smash,1,10000,Normal,Ringan,Service rutin,"Rp 255,000"
447,Suzuki Nex II,6,50000,V-Belt putus,Tinggi,"Ganti V-belt, service CVT","Rp 1,525,000"
448,Suzuki Satria FU,3,28000,Normal,Ringan,Service rutin,"Rp 264,000"
449,Suzuki Address Playful,9,80000,Mesin panas,Tinggi,"Cek radiator, water pump","Rp 1,540,000"
450,Suzuki Shogun SP,4,35000,Normal,Ringan,Service rutin,"Rp 267,500"
451,Suzuki Satria F150,8,70000,Suara mesin kasar,Tinggi,"Turun mesin, cek stang seher","Rp 1,535,000"
452,Suzuki Address,7,65000,Oli bocor,Sedang,"Ganti seal, paking","Rp 782,500"
453,Suzuki GSX-R150,4,30000,Normal,Ringan,Service rutin,"Rp 265,000"
454,Suzuki Skydrive,6,55000,Tarikan berat,Sedang,"Ganti V-belt, roller","Rp 777,500"
455,Suzuki GSX-S150,9,80000,Mesin mati mendadak,Tinggi,"Cek pengapian, ECU","Rp 1,540,000"
456,Suzuki Smash,2,15000,Normal,Ringan,Service rutin,"Rp 257,500"
457,Suzuki Nex II,7,60000,Rem kurang pakem,Sedang,Ganti kampas rem,"Rp 780,000"
458,Suzuki Satria FU,5,40000,Normal,Ringan,Service rutin,"Rp 270,000"
459,Suzuki Address Playful,10,90000,Oli bocor parah,Tinggi,"Turun mesin, ganti seal","Rp 1,545,000"
460,Suzuki Shogun SP,3,25000,Normal,Ringan,Service rutin,"Rp 262,500"
461,Suzuki Satria F150,5,45000,Kopling selip,Sedang,Ganti kampas kopling,"Rp 772,500"
462,Suzuki Address,8,70000,Gredeg saat akselerasi,Sedang,Ganti kampas ganda,"Rp 785,000"
463,Suzuki GSX-R150,2,18000,Normal,Ringan,Service rutin,"Rp 259,000"
464,Suzuki Skydrive,7,65000,Tarikan berat,Sedang,"Ganti V-belt, roller","Rp 782,500"
465,Suzuki GSX-S150,6,50000,Normal,Ringan,Service rutin,"Rp 275,000"
466,Suzuki Smash,9,80000,Knalpot berasap,Tinggi,Ganti ring piston,"Rp 1,540,000"
467,Suzuki Nex II,4,30000,Normal,Ringan,Service rutin,"Rp 265,000"
468,Suzuki Satria FU,6,50000,Rem kurang pakem,Sedang,Ganti kampas rem,"Rp 775,000"
469,Suzuki Address Playful,1,12000,Normal,Ringan,Service rutin,"Rp 256,000"
470,Suzuki Shogun SP,10,90000,Suara mesin kasar,Tinggi,Overhaul total,"Rp 1,545,000"
471,Suzuki Satria F150,7,60000,Normal,Ringan,Service rutin,"Rp 280,000"
472,Suzuki Address,2,15000,Normal,Ringan,Service rutin,"Rp 257,500"
473,Suzuki GSX-R150,8,70000,Mesin panas,Tinggi,"Cek radiator, water pump","Rp 1,535,000"
474,Suzuki Skydrive,3,25000,Normal,Ringan,Service rutin,"Rp 262,500"
475,Suzuki GSX-S150,7,60000,Rem kurang pakem,Sedang,Ganti kampas rem,"Rp 780,000"
476,Suzuki Smash,4,35000,Normal,Ringan,Service rutin,"Rp 267,500"
477,Suzuki Nex II,8,70000,Gredeg saat akselerasi,Sedang,Ganti kampas ganda,"Rp 785,000"
478,Suzuki Satria FU,1,10000,Normal,Ringan,Service rutin,"Rp 255,000"
479,Suzuki Address Playful,5,40000,V-Belt putus,Tinggi,"Ganti V-belt, service CVT","Rp 1,520,000"
480,Suzuki Shogun SP,9,85000,Tarikan berat,Sedang,Service karburator,"Rp 792,500"
481,Suzuki Satria F150,4,35000,Kopling selip,Sedang,Ganti kampas kopling,"Rp 767,500"
482,Suzuki Address,8,75000,Tarikan berat,Sedang,"Ganti V-belt, roller","Rp 787,500"
483,Suzuki GSX-R150,3,20000,Normal,Ringan,Service rutin,"Rp 260,000"
484,Suzuki Skydrive,6,50000,Rem kurang pakem,Sedang,Ganti kampas rem,"Rp 775,000"
485,Suzuki GSX-S150,4,30000,Normal,Ringan,Service rutin,"Rp 265,000"
486,Suzuki Smash,7,65000,Knalpot berasap,Tinggi,Ganti ring piston,"Rp 1,532,500"
487,Suzuki Nex II,2,15000,Normal,Ringan,Service rutin,"Rp 257,500"
488,Suzuki Satria FU,8,70000,Suara mesin kasar,Tinggi,"Turun mesin, cek stang seher","Rp 1,535,000"
489,Suzuki Address Playful,3,25000,Normal,Ringan,Service rutin,"Rp 262,500"
490,Suzuki Shogun SP,5,40000,Normal,Ringan,Service rutin,"Rp 270,000"
491,Suzuki Satria F150,9,80000,Mesin mati mendadak,Tinggi,"Cek pengapian, CDI","Rp 1,540,000"
492,Suzuki Address,4,30000,Normal,Ringan,Service rutin,"Rp 265,000"
493,Suzuki GSX-R150,7,65000,Oli bocor,Sedang,"Ganti seal, paking","Rp 782,500"
494,Suzuki Skydrive,1,10000,Normal,Ringan,Service rutin,"Rp 255,000"
495,Suzuki GSX-S150,8,70000,Mesin panas,Tinggi,"Cek radiator, water pump","Rp 1,535,000"
496,Suzuki Smash,5,40000,Normal,Ringan,Service rutin,"Rp 270,000"
497,Suzuki Nex II,9,80000,Rem kurang pakem,Sedang,Ganti kampas rem,"Rp 790,000"
498,Suzuki Satria FU,2,18000,Normal,Ringan,Service rutin,"Rp 259,000"
499,Suzuki Address Playful,6,50000,Tarikan berat,Sedang,"Ganti V-belt, roller","Rp 775,000"
500,Suzuki Shogun SP,10,90000,Suara mesin kasar,Tinggi,Overhaul total,"Rp 1,545,000"
501,Suzuki Satria F150,1,12000,Normal,Ringan,Service rutin,"Rp 256,000"
502,Suzuki Address,5,45000,Gredeg saat akselerasi,Sedang,Ganti kampas ganda,"Rp 772,500"
503,Suzuki GSX-R150,6,50000,Kopling selip,Sedang,Ganti kampas kopling,"Rp 775,000"
504,Suzuki Skydrive,2,18000,Normal,Ringan,Service rutin,"Rp 259,000"
505,Suzuki GSX-S150,7,60000,Rem kurang pakem,Sedang,Ganti kampas rem,"Rp 780,000"
506,Suzuki Smash,8,70000,Oli bocor parah,Tinggi,"Turun mesin, ganti seal","Rp 1,535,000"
507,Suzuki Nex II,3,25000,Normal,Ringan,Service rutin,"Rp 262,500"
508,Suzuki Satria FU,9,80000,Knalpot berasap,Tinggi,Ganti ring piston,"Rp 1,540,000"
509,Suzuki Address Playful,4,35000,Normal,Ringan,Service rutin,"Rp 267,500"
510,Suzuki Shogun SP,1,10000,Normal,Ringan,Service rutin,"Rp 255,000"
511,Suzuki Satria F150,6,50000,Mesin panas,Sedang,"Cek radiator, busi","Rp 775,000"
512,Suzuki Address,10,90000,Tarikan berat,Sedang,"Ganti V-belt, roller","Rp 795,000"
513,Suzuki GSX-R150,3,22000,Normal,Ringan,Service rutin,"Rp 261,000"
514,Suzuki Skydrive,8,75000,V-Belt putus,Tinggi,"Ganti V-belt, service CVT","Rp 1,537,500"
515,Suzuki GSX-S150,4,30000,Normal,Ringan,Service rutin,"Rp 265,000"
516,Suzuki Smash,9,85000,Suara mesin kasar,Tinggi,Overhaul total,"Rp 1,542,500"
517,Suzuki Nex II,5,40000,Rem kurang pakem,Sedang,Ganti kampas rem,"Rp 770,000"
518,Suzuki Satria FU,7,60000,Kopling selip,Sedang,Ganti kampas kopling,"Rp 780,000"
519,Suzuki Address Playful,2,18000,Normal,Ringan,Service rutin,"Rp 259,000"
520,Suzuki Shogun SP,6,50000,Normal,Ringan,Service rutin,"Rp 275,000"
521,Suzuki Satria F150,5,40000,Normal,Ringan,Service rutin,"Rp 270,000"
522,Suzuki Address,3,20000,Normal,Ringan,Service rutin,"Rp 260,000"
523,Suzuki GSX-R150,8,70000,Mesin mati mendadak,Tinggi,"Cek pengapian, ECU","Rp 1,535,000"
524,Suzuki Skydrive,4,35000,Rem kurang pakem,Sedang,Ganti kampas rem,"Rp 767,500"
525,Suzuki GSX-S150,9,80000,Knalpot berasap,Tinggi,Ganti ring piston,"Rp 1,540,000"
526,Suzuki Smash,5,45000,Gredeg saat akselerasi,Sedang,Ganti kampas ganda,"Rp 772,500"
527,Suzuki Nex II,10,90000,Oli bocor parah,Tinggi,"Turun mesin, ganti seal","Rp 1,545,000"
528,Suzuki Satria FU,6,50000,Normal,Ringan,Service rutin,"Rp 275,000"
529,Suzuki Address Playful,7,60000,Tarikan berat,Sedang,"Ganti V-belt, roller","Rp 780,000"
530,Suzuki Shogun SP,2,15000,Normal,Ringan,Service rutin,"Rp 257,500"
531,Suzuki Satria F150,8,70000,Suara mesin kasar,Tinggi,"Turun mesin, cek stang seher","Rp 1,535,000"
532,Suzuki Address,4,30000,Normal,Ringan,Service rutin,"Rp 265,000"
533,Suzuki GSX-R150,9,80000,Kopling selip,Tinggi,Ganti set kopling,"Rp 1,540,000"
534,Suzuki Skydrive,5,40000,Normal,Ringan,Service rutin,"Rp 270,000"
535,Suzuki GSX-S150,10,90000,Mesin panas,Tinggi,"Cek radiator, water pump","Rp 1,545,000"
536,Suzuki Smash,6,50000,Rem kurang pakem,Sedang,Ganti kampas rem,"Rp 775,000"
537,Suzuki Nex II,1,10000,Normal,Ringan,Service rutin,"Rp 255,000"
538,Suzuki Satria FU,7,60000,Gredeg saat akselerasi,Sedang,Ganti kampas ganda,"Rp 780,000"
539,Suzuki Address Playful,8,70000,V-Belt putus,Tinggi,"Ganti V-belt, service CVT","Rp 1,535,000"
540,Suzuki Shogun SP,3,25000,Normal,Ringan,Service rutin,"Rp 262,500"
541,Suzuki Satria F150,5,45000,Normal,Ringan,Service rutin,"Rp 272,500"
542,Suzuki Address,9,80000,Oli bocor,Sedang,"Ganti seal, paking","Rp 790,000"
543,Suzuki GSX-R150,2,18000,Normal,Ringan,Service rutin,"Rp 259,000"
544,Suzuki Skydrive,6,50000,Tarikan berat,Sedang,"Ganti V-belt, roller","Rp 775,000"
545,Suzuki GSX-S150,3,25000,Normal,Ringan,Service rutin,"Rp 262,500"
546,Suzuki Smash,10,95000,Suara mesin kasar,Tinggi,Overhaul total,"Rp 1,547,500"
547,Suzuki Nex II,4,35000,Rem kurang pakem,Sedang,Ganti kampas rem,"Rp 767,500"
548,Suzuki Satria FU,8,75000,Knalpot berasap,Tinggi,Ganti ring piston,"Rp 1,537,500"
549,Suzuki Address Playful,5,40000,Normal,Ringan,Service rutin,"Rp 270,000"
550,Suzuki Shogun SP,1,10000,Normal,Ringan,Service rutin,"Rp 255,000"
551,Suzuki Satria F150,6,50000,Mesin mati mendadak,Tinggi,"Cek pengapian, CDI","Rp 1,525,000"
552,Suzuki Address,2,15000,Normal,Ringan,Service rutin,"Rp 257,500"
553,Suzuki GSX-R150,7,65000,Tarikan berat,Tinggi,"Service injeksi, busi","Rp 1,532,500"
554,Suzuki Skydrive,3,25000,Normal,Ringan,Service rutin,"Rp 262,500"
555,Suzuki GSX-S150,8,70000,Kopling selip,Tinggi,Ganti set kopling,"Rp 1,535,000"
556,Suzuki Smash,4,30000,Normal,Ringan,Service rutin,"Rp 265,000"
557,Suzuki Nex II,9,80000,Mesin panas,Tinggi,"Cek radiator, water pump","Rp 1,540,000"
558,Suzuki Satria FU,5,40000,Rem kurang pakem,Sedang,Ganti kampas rem,"Rp 770,000"
559,Suzuki Address Playful,6,50000,Normal,Ringan,Service rutin,"Rp 275,000"
560,Suzuki Shogun SP,7,60000,Gredeg saat akselerasi,Sedang,Ganti kampas ganda,"Rp 780,000"
561,Suzuki Satria F150,1,10000,Normal,Ringan,Service rutin,"Rp 255,000"
562,Suzuki Address,8,70000,V-Belt putus,Tinggi,"Ganti V-belt, service CVT","Rp 1,535,000"
563,Suzuki GSX-R150,4,35000,Normal,Ringan,Service rutin,"Rp 267,500"
564,Suzuki Skydrive,9,80000,Suara mesin kasar,Tinggi,Overhaul total,"Rp 1,540,000"
565,Suzuki GSX-S150,5,40000,Rem kurang pakem,Sedang,Ganti kampas rem,"Rp 770,000"
566,Suzuki Smash,10,90000,Oli bocor parah,Tinggi,"Turun mesin, ganti seal","Rp 1,545,000"
567,Suzuki Nex II,6,50000,Tarikan berat,Sedang,"Ganti V-belt, roller","Rp 775,000"
568,Suzuki Satria FU,1,12000,Normal,Ringan,Service rutin,"Rp 256,000"
569,Suzuki Address Playful,7,60000,Knalpot berasap,Tinggi,Ganti ring piston,"Rp 1,530,000"
570,Suzuki Shogun SP,2,18000,Normal,Ringan,Service rutin,"Rp 259,000"
571,Suzuki Satria F150,5,45000,Kopling selip,Sedang,Ganti kampas kopling,"Rp 772,500"
572,Suzuki Address,3,25000,Normal,Ringan,Service rutin,"Rp 262,500"
573,Suzuki GSX-R150,8,70000,Mesin panas,Tinggi,"Cek radiator, water pump","Rp 1,535,000"
574,Suzuki Skydrive,4,30000,Normal,Ringan,Service rutin,"Rp 265,000"
575,Suzuki GSX-S150,9,80000,Tarikan berat,Sedang,"Service injeksi, busi","Rp 790,000"
576,Suzuki Smash,5,40000,Normal,Ringan,Service rutin,"Rp 270,000"
577,Suzuki Nex II,10,90000,Suara mesin kasar,Tinggi,Overhaul total,"Rp 1,545,000"
578,Suzuki Satria FU,6,50000,Rem kurang pakem,Sedang,Ganti kampas rem,"Rp 775,000"
579,Suzuki Address Playful,1,10000,Normal,Ringan,Service rutin,"Rp 255,000"
580,Suzuki Shogun SP,8,70000,Mesin mati mendadak,Tinggi,"Cek pengapian, CDI","Rp 1,535,000"
581,Suzuki Satria F150,2,18000,Normal,Ringan,Service rutin,"Rp 259,000"
582,Suzuki Address,9,80000,Tarikan berat,Sedang,"Ganti V-belt, roller","Rp 790,000"
583,Suzuki GSX-R150,3,22000,Normal,Ringan,Service rutin,"Rp 261,000"
584,Suzuki Skydrive,10,90000,Oli bocor parah,Tinggi,"Turun mesin, ganti seal","Rp 1,545,000"
585,Suzuki GSX-S150,4,30000,Normal,Ringan,Service rutin,"Rp 265,000"
586,Suzuki Smash,1,10000,Normal,Ringan,Service rutin,"Rp 255,000"
587,Suzuki Nex II,5,40000,Gredeg saat akselerasi,Sedang,Ganti kampas ganda,"Rp 770,000"
588,Suzuki Satria FU,7,60000,Kopling selip,Sedang,Ganti kampas kopling,"Rp 780,000"
589,Suzuki Address Playful,2,15000,Normal,Ringan,Service rutin,"Rp 257,500"
590,Suzuki Shogun SP,9,85000,Knalpot berasap,Tinggi,Ganti ring piston,"Rp 1,542,500"
591,Suzuki Satria F150,6,50000,Rem kurang pakem,Sedang,Ganti kampas rem,"Rp 775,000"
592,Suzuki Address,10,90000,Suara mesin kasar,Tinggi,Overhaul total,"Rp 1,545,000"
593,Suzuki GSX-R150,1,12000,Normal,Ringan,Service rutin,"Rp 256,000"
594,Suzuki Skydrive,3,25000,Normal,Ringan,Service rutin,"Rp 262,500"
595,Suzuki GSX-S150,7,60000,V-Belt putus,Tinggi,"Ganti V-belt, service CVT","Rp 1,530,000"
596,Suzuki Smash,4,35000,Normal,Ringan,Service rutin,"Rp 267,500"
597,Suzuki Nex II,8,70000,Mesin panas,Tinggi,"Cek radiator, water pump","Rp 1,535,000"
598,Suzuki Satria FU,5,45000,Normal,Ringan,Service rutin,"Rp 272,500"
599,Suzuki Address Playful,9,80000,Rem kurang pakem,Sedang,Ganti kampas rem,"Rp 790,000"
600,Suzuki Shogun SP,6,50000,Tarikan berat,Sedang,Service karburator,"Rp 775,000"
601,Suzuki Satria F150,1,10000,Normal,Ringan,Service rutin,"Rp 255,000"
602,Suzuki Address,7,60000,Gredeg saat akselerasi,Sedang,Ganti kampas ganda,"Rp 780,000"
603,Suzuki GSX-R150,4,30000,Normal,Ringan,Service rutin,"Rp 265,000"
604,Suzuki Skydrive,8,70000,Oli bocor,Sedang,"Ganti seal, paking","Rp 785,000"
605,Suzuki GSX-S150,2,18000,Normal,Ringan,Service rutin,"Rp 259,000"
606,Suzuki Smash,9,80000,Knalpot berasap,Tinggi,Ganti ring piston,"Rp 1,540,000"
607,Suzuki Nex II,3,25000,Normal,Ringan,Service rutin,"Rp 262,500"
608,Suzuki Satria FU,10,90000,Suara mesin kasar,Tinggi,"Turun mesin, cek stang seher","Rp 1,545,000"
609,Suzuki Address Playful,4,30000,Normal,Ringan,Service rutin,"Rp 265,000"
610,Suzuki Shogun SP,1,12000,Normal,Ringan,Service rutin,"Rp 256,000"
611,Suzuki Satria F150,7,60000,Mesin mati mendadak,Tinggi,"Cek pengapian, CDI","Rp 1,530,000"
612,Suzuki Address,5,40000,Normal,Ringan,Service rutin,"Rp 270,000"
613,Suzuki GSX-R150,10,90000,Kopling selip,Tinggi,Ganti set kopling,"Rp 1,545,000"
614,Suzuki Skydrive,6,50000,Tarikan berat,Sedang,"Ganti V-belt, roller","Rp 775,000"
615,Suzuki GSX-S150,3,25000,Normal,Ringan,Service rutin,"Rp 262,500"
616,Suzuki Smash,7,60000,Rem kurang pakem,Sedang,Ganti kampas rem,"Rp 780,000"
617,Suzuki Nex II,4,35000,Normal,Ringan,Service rutin,"Rp 267,500"
618,Suzuki Satria FU,1,10000,Normal,Ringan,Service rutin,"Rp 255,000"
619,Suzuki Address Playful,8,70000,V-Belt putus,Tinggi,"Ganti V-belt, service CVT","Rp 1,535,000"
620,Suzuki Shogun SP,5,40000,Normal,Ringan,Service rutin,"Rp 270,000"
621,Suzuki Satria F150,9,80000,Knalpot berasap,Tinggi,Ganti ring piston,"Rp 1,540,000"
622,Suzuki Address,2,15000,Normal,Ringan,Service rutin,"Rp 257,500"
623,Suzuki GSX-R150,6,50000,Mesin panas,Tinggi,"Cek radiator, water pump","Rp 1,525,000"
624,Suzuki Skydrive,7,60000,Gredeg saat akselerasi,Sedang,Ganti kampas ganda,"Rp 780,000"
625,Suzuki GSX-S150,4,30000,Normal,Ringan,Service rutin,"Rp 265,000"
626,Suzuki Smash,8,70000,Suara mesin kasar,Tinggi,Overhaul total,"Rp 1,535,000"
627,Suzuki Nex II,5,40000,Rem kurang pakem,Sedang,Ganti kampas rem,"Rp 770,000"
628,Suzuki Satria FU,9,80000,Oli bocor parah,Tinggi,"Turun mesin, ganti seal","Rp 1,540,000"
629,Suzuki Address Playful,6,50000,Tarikan berat,Sedang,"Ganti V-belt, roller","Rp 775,000"
630,Suzuki Shogun SP,7,60000,Normal,Ringan,Service rutin,"Rp 280,000"
631,Honda Vario 150,6,55000,MIL kedip 52 (Sensor CKP),Tinggi,"Ganti Sensor CKP, Cek Kabel Body","Rp 1,527,500"
632,Honda PCX 160,3,28000,Suara klotok di mesin,Sedang,"Setting ulang klep, Cek noken as","Rp 764,000"
633,Honda Beat Street,4,35000,Aki cepat tekor,Sedang,"Ganti Kiprok (Regulator), Cek Spul","Rp 767,500"
634,Honda CBR 250RR,5,42000,Kopling selip RPM tinggi,Tinggi,Ganti set kampas kopling & per,"Rp 1,521,000"
635,Honda Supra X 125,8,75000,Asap knalpot putih tebal,Tinggi,"Turun Mesin, Ganti Ring Piston","Rp 1,537,500"
636,Honda Vario 125,7,60000,Gredeg saat akselerasi,Sedang,"Service Besar CVT, Ganti Kampas Ganda","Rp 780,000"
637,Honda PCX 150,4,32000,Overheat di kemacetan,Sedang,"Kurang air radiator, Cek termostat","Rp 766,000"
638,Honda Scoopy,6,50000,Starter tangan mati total,Sedang,"Periksa bendik, Ganti aki","Rp 775,000"
639,Honda Revo,9,85000,Oli mesin bocor parah,Tinggi,"Ganti seal & paking, Cek blok","Rp 1,542,500"
640,Honda ADV 150,2,20000,Getaran setang parah,Sedang,"Cek komstir, Cek laher roda","Rp 760,000"
641,Honda Vario 150,5,48000,MIL kedip 7 (Sensor ECT),Sedang,Ganti Sensor ECT (Suhu Mesin),"Rp 774,000"
642,Honda PCX 160,4,38000,Tarikan berat di tanjakan,Sedang,"Service Injeksi, Bersihkan Throttle Body","Rp 769,000"
643,Honda Beat Street,7,60000,Shock depan mati,Sedang,Ganti seal & oli shock depan,"Rp 780,000"
644,Honda CBR 250RR,6,50000,Suara mesin kasar,Tinggi,"Turun Mesin, Cek rantai keteng","Rp 1,525,000"
645,Honda Supra GTR,8,70000,Tidak bisa di-starter,Sedang,"Ganti Aki, Cek dinamo starter","Rp 785,000"
646,Honda Vario 125,4,30000,Gredeg saat akselerasi,Sedang,"Service CVT, Ganti Roller","Rp 765,000"
647,Honda PCX 150,5,40000,Lampu utama redup,Sedang,"Cek kelistrikan, Ganti Kiprok","Rp 770,000"
648,Honda Scoopy,3,25000,Normal,Ringan,"Service Rutin, Ganti Oli","Rp 262,500"
649,Honda Revo,6,55000,Rem blong,Sedang,"Ganti master rem, Kurangi angin","Rp 777,500"
650,Honda ADV 150,3,25000,MIL kedip 8 (Sensor TP),Sedang,Ganti Sensor TP (Throttle Position),"Rp 762,500"
651,Honda Vario 150,7,62000,Knalpot berasap tipis,Tinggi,"Ganti seal klep, Cek oli","Rp 1,531,000"
652,Honda PCX 160,2,20000,Normal,Ringan,Service Rutin,"Rp 260,000"
653,Honda Beat Street,5,45000,Aki soak,Sedang,"Ganti Aki, Cek pengisian","Rp 772,500"
654,Honda CBR 250RR,4,35000,Suara knalpot meledak,Sedang,"Setting CO, Bersihkan Injektor","Rp 767,500"
655,Honda Supra X 125,9,80000,Oli mesin cepat habis,Tinggi,"Turun Mesin, Ganti Set Piston","Rp 1,540,000"
656,Honda Vario 125,6,50000,V-Belt putus,Tinggi,"Ganti V-belt, Roller, Service CVT","Rp 1,525,000"
657,Honda PCX 150,6,55000,Mesin mati mendadak,Tinggi,"Cek Koil, Cek ECU","Rp 1,527,500"
658,Honda Scoopy,7,65000,Oli bocor dari CVT,Sedang,Ganti seal kruk as CVT,"Rp 782,500"
659,Honda Revo,5,45000,Tarikan berat,Sedang,"Service karburator, Ganti busi","Rp 772,500"
660,Honda ADV 150,4,30000,Rem ABS bermasalah,Tinggi,"Cek sensor ABS, Scan ECU","Rp 1,515,000"
661,Honda Vario 150,3,25000,Normal,Ringan,Service Rutin,"Rp 262,500"
662,Honda PCX 160,5,45000,Suara klotok di mesin,Tinggi,"Ganti Rantai Keteng, Tensioner","Rp 1,522,500"
663,Honda Beat Street,6,55000,Shock belakang keras,Sedang,Ganti Shockbreaker belakang,"Rp 777,500"
664,Honda CBR 250RR,7,60000,Mesin bergetar hebat,Tinggi,"Cek Stang Seher, Turun Mesin","Rp 1,530,000"
665,Honda Supra X 125,4,35000,Rantai longgar,Ringan,Setel rantai,"Rp 267,500"
666,Honda Vario 125,8,70000,MIL kedip 12 (Injektor),Tinggi,"Ganti Injektor, Bersihkan Jalur Bensin","Rp 1,535,000"
667,Honda PCX 150,3,28000,Normal,Ringan,Service Rutin,"Rp 264,000"
668,Honda Scoopy,5,40000,Aki cepat tekor,Sedang,"Ganti Kiprok, Cek Kabel","Rp 770,000"
669,Honda Revo,7,65000,Oli bocor parah,Tinggi,"Turun Mesin, Ganti Paking Total","Rp 1,532,500"
670,Honda ADV 150,5,40000,Gredeg saat akselerasi,Sedang,"Service Besar CVT, Ganti Roller","Rp 770,000"
671,Honda Vario 150,4,30000,Lampu utama mati,Sedang,"Cek kabel, Ganti bohlam LED","Rp 765,000"
672,Honda PCX 160,6,50000,MIL kedip 29 (IACV),Sedang,Bersihkan/Ganti IACV (Idle Air Control Valve),"Rp 775,000"
673,Honda Beat Street,3,25000,Normal,Ringan,Service Rutin,"Rp 262,500"
674,Honda CBR 250RR,5,45000,Kopling berat,Sedang,"Ganti kabel kopling, Pelumasan","Rp 772,500"
675,Honda Supra X 125,6,55000,Knalpot berasap tipis,Sedang,Ganti seal klep,"Rp 777,500"
676,Honda Vario 125,7,60000,Mesin mati mendadak,Tinggi,"Cek Koil, Cek ECU","Rp 1,530,000"
677,Honda PCX 150,2,20000,Normal,Ringan,Service Rutin,"Rp 260,000"
678,Honda Scoopy,8,70000,Suara mesin kasar,Tinggi,"Turun Mesin, Cek keteng","Rp 1,535,000"
679,Honda Revo,4,35000,Starter sulit,Sedang,Service karburator/injeksi,"Rp 767,500"
680,Honda ADV 150,6,50000,Overheat,Sedang,"Cek radiator, Ganti coolant","Rp 775,000"
681,Honda Vario 150,8,70000,MIL kedip 52 (Sensor CKP),Tinggi,Ganti Sensor CKP,"Rp 1,535,000"
682,Honda PCX 160,5,40000,Suara klotok di mesin,Tinggi,"Ganti Rantai Keteng, Tensioner","Rp 1,520,000"
683,Honda Beat Street,6,50000,Aki cepat tekor,Sedang,Ganti Kiprok,"Rp 775,000"
684,Honda CBR 250RR,4,35000,Kopling selip RPM tinggi,Tinggi,Ganti set kampas kopling,"Rp 1,517,500"
685,Honda Supra X 125,7,65000,Asap knalpot putih tebal,Tinggi,"Turun Mesin, Ganti Ring Piston","Rp 1,532,500"
686,Honda Vario 125,5,40000,Gredeg saat akselerasi,Sedang,Service Besar CVT,"Rp 770,000"
687,Honda PCX 150,3,25000,Overheat di kemacetan,Sedang,"Cek termostat, Ganti coolant","Rp 762,500"
688,Honda Scoopy,5,45000,Starter tangan mati total,Sedang,"Periksa bendik, Ganti aki","Rp 772,500"
689,Honda Revo,8,75000,Oli mesin bocor parah,Tinggi,Ganti seal & paking,"Rp 1,537,500"
690,Honda ADV 150,4,30000,Getaran setang parah,Sedang,Cek komstir,"Rp 765,000"
691,Honda Vario 150,7,65000,MIL kedip 7 (Sensor ECT),Sedang,Ganti Sensor ECT,"Rp 782,500"
692,Honda PCX 160,3,28000,Tarikan berat di tanjakan,Sedang,Bersihkan Throttle Body,"Rp 764,000"
693,Honda Beat Street,5,45000,Shock depan mati,Sedang,Ganti seal & oli shock,"Rp 772,500"
694,Honda CBR 250RR,7,60000,Suara mesin kasar,Tinggi,"Turun Mesin, Cek keteng","Rp 1,530,000"
695,Honda Supra GTR,6,55000,Tidak bisa di-starter,Sedang,"Ganti Aki, Cek dinamo","Rp 777,500"
696,Honda Vario 125,3,25000,Gredeg saat akselerasi,Sedang,"Service CVT, Ganti Roller","Rp 762,500"
697,Honda PCX 150,7,60000,Lampu utama redup,Sedang,Ganti Kiprok,"Rp 780,000"
698,Honda Scoopy,4,35000,Normal,Ringan,Service Rutin,"Rp 267,500"
699,Honda Revo,8,70000,Rem blong,Sedang,Ganti master rem,"Rp 785,000"
700,Honda ADV 150,5,40000,MIL kedip 8 (Sensor TP),Sedang,Ganti Sensor TP,"Rp 770,000"
701,Honda Vario 150,4,35000,Knalpot berasap tipis,Sedang,Ganti seal klep,"Rp 767,500"
702,Honda PCX 160,7,65000,Mesin mati mendadak,Tinggi,"Cek ECU, Cek Koil","Rp 1,532,500"
703,Honda Beat Street,5,40000,Aki soak,Sedang,Ganti Aki,"Rp 770,000"
704,Honda CBR 250RR,6,55000,Suara knalpot meledak,Sedang,Setting CO,"Rp 777,500"
705,Honda Supra X 125,4,30000,Oli mesin cepat habis,Tinggi,"Turun Mesin, Ganti Set Piston","Rp 1,515,000"
706,Honda Vario 125,8,75000,V-Belt putus,Tinggi,"Ganti V-belt, Roller, Service CVT","Rp 1,537,500"
707,Honda PCX 150,3,25000,Normal,Ringan,Service Rutin,"Rp 262,500"
708,Honda Scoopy,5,40000,Oli bocor dari CVT,Sedang,Ganti seal kruk as CVT,"Rp 770,000"
709,Honda Revo,9,80000,Tarikan berat,Sedang,Service karburator,"Rp 790,000"
710,Honda ADV 150,7,60000,Rem ABS bermasalah,Tinggi,Cek sensor ABS,"Rp 1,530,000"
711,Honda Vario 150,5,40000,Suara klotok di mesin,Sedang,Setting ulang klep,"Rp 770,000"
712,Honda PCX 160,8,70000,Suara mesin kasar,Tinggi,Ganti Rantai Keteng,"Rp 1,535,000"
713,Honda Beat Street,4,35000,Shock belakang keras,Sedang,Ganti Shockbreaker,"Rp 767,500"
714,Honda CBR 250RR,3,28000,Mesin bergetar hebat,Tinggi,Cek Stang Seher,"Rp 1,514,000"
715,Honda Supra X 125,5,45000,Normal,Ringan,Service Rutin,"Rp 272,500"
716,Honda Vario 125,6,50000,MIL kedip 12 (Injektor),Tinggi,Ganti Injektor,"Rp 1,525,000"
717,Honda PCX 150,4,35000,Normal,Ringan,Service Rutin,"Rp 267,500"
718,Honda Scoopy,6,55000,Aki cepat tekor,Sedang,Ganti Kiprok,"Rp 777,500"
719,Honda Revo,5,40000,Oli bocor parah,Tinggi,Ganti Paking Total,"Rp 1,520,000"
720,Honda ADV 150,8,70000,Gredeg saat akselerasi,Sedang,Service Besar CVT,"Rp 785,000"
721,Honda Vario 150,3,25000,Lampu utama mati,Sedang,Cek kabel,"Rp 762,500"
722,Honda PCX 160,5,45000,MIL kedip 29 (IACV),Sedang,Ganti IACV,"Rp 772,500"
723,Honda Beat Street,7,60000,Normal,Ringan,Service Rutin,"Rp 280,000"
724,Honda CBR 250RR,4,35000,Kopling berat,Sedang,Ganti kabel kopling,"Rp 767,500"
725,Honda Supra X 125,9,80000,Knalpot berasap tipis,Sedang,Ganti seal klep,"Rp 790,000"
726,Honda Vario 125,2,20000,Mesin mati mendadak,Tinggi,Cek ECU,"Rp 1,510,000"
727,Honda PCX 150,6,50000,Normal,Ringan,Service Rutin,"Rp 275,000"
728,Honda Scoopy,3,25000,Suara mesin kasar,Tinggi,Turun Mesin,"Rp 1,512,500"
729,Honda Revo,7,60000,Starter sulit,Sedang,Service karburator,"Rp 780,000"
730,Honda ADV 150,4,30000,Overheat,Sedang,Cek radiator,"Rp 765,000"
731,Honda Vario 150,6,50000,MIL kedip 52 (Sensor CKP),Tinggi,Ganti Sensor CKP,"Rp 1,525,000"
732,Honda PCX 160,3,25000,Suara klotok di mesin,Sedang,Setting ulang klep,"Rp 762,500"
733,Honda Beat Street,4,30000,Aki cepat tekor,Sedang,Ganti Kiprok,"Rp 765,000"
734,Honda CBR 250RR,5,40000,Kopling selip RPM tinggi,Tinggi,Ganti set kampas kopling,"Rp 1,520,000"
735,Honda Supra X 125,8,70000,Asap knalpot putih tebal,Tinggi,"Turun Mesin, Ganti Ring Piston","Rp 1,535,000"
736,Honda Vario 125,7,65000,Gredeg saat akselerasi,Sedang,Service Besar CVT,"Rp 782,500"
737,Honda PCX 150,4,35000,Overheat di kemacetan,Sedang,Cek termostat,"Rp 767,500"
738,Honda Scoopy,6,50000,Starter tangan mati total,Sedang,"Ganti bendik, Ganti aki","Rp 775,000"
739,Honda Revo,9,80000,Oli mesin bocor parah,Tinggi,Ganti seal & paking,"Rp 1,540,000"
740,Honda ADV 150,2,20000,Getaran setang parah,Sedang,Cek komstir,"Rp 760,000"
741,Honda Vario 150,5,45000,MIL kedip 7 (Sensor ECT),Sedang,Ganti Sensor ECT,"Rp 772,500"
742,Honda PCX 160,4,30000,Tarikan berat di tanjakan,Sedang,Bersihkan Throttle Body,"Rp 765,000"
743,Honda Beat Street,7,65000,Shock depan mati,Sedang,Ganti seal & oli shock,"Rp 782,500"
744,Honda CBR 250RR,6,55000,Suara mesin kasar,Tinggi,"Turun Mesin, Cek keteng","Rp 1,527,500"
745,Honda Supra GTR,8,70000,Tidak bisa di-starter,Sedang,Ganti Aki,"Rp 785,000"
746,Honda Vario 125,4,30000,Gredeg saat akselerasi,Sedang,"Service CVT, Ganti Roller","Rp 765,000"
747,Honda PCX 150,7,65000,Lampu utama redup,Sedang,Ganti Kiprok,"Rp 782,500"
748,Honda Scoopy,3,25000,Normal,Ringan,Service Rutin,"Rp 262,500"
749,Honda Revo,9,80000,Rem blong,Sedang,Ganti master rem,"Rp 790,000"
750,Honda ADV 150,5,40000,MIL kedip 8 (Sensor TP),Sedang,Ganti Sensor TP,"Rp 770,000"
751,Honda Vario 150,6,50000,Knalpot berasap tipis,Sedang,Ganti seal klep,"Rp 775,000"
752,Honda PCX 160,8,70000,Mesin mati mendadak,Tinggi,Cek ECU,"Rp 1,535,000"
753,Honda Beat Street,5,40000,Aki soak,Sedang,Ganti Aki,"Rp 770,000"
754,Honda CBR 250RR,4,35000,Suara knalpot meledak,Sedang,Setting CO,"Rp 767,500"
755,Honda Supra X 125,7,60000,Oli mesin cepat habis,Tinggi,"Turun Mesin, Ganti Set Piston","Rp 1,530,000"
756,Honda Vario 125,5,45000,V-Belt putus,Tinggi,"Ganti V-belt, Roller, Service CVT","Rp 1,522,500"
757,Honda PCX 150,4,30000,Normal,Ringan,Service Rutin,"Rp 265,000"
758,Honda Scoopy,6,55000,Oli bocor dari CVT,Sedang,Ganti seal kruk as CVT,"Rp 777,500"
759,Honda Revo,3,25000,Tarikan berat,Sedang,Service karburator,"Rp 762,500"
760,Honda ADV 150,7,65000,Rem ABS bermasalah,Tinggi,Cek sensor ABS,"Rp 1,532,500"
761,Honda Vario 150,4,35000,Suara klotok di mesin,Sedang,Setting ulang klep,"Rp 767,500"
762,Honda PCX 160,5,45000,Suara mesin kasar,Tinggi,Ganti Rantai Keteng,"Rp 1,522,500"
763,Honda Beat Street,8,70000,Shock belakang keras,Sedang,Ganti Shockbreaker,"Rp 785,000"
764,Honda CBR 250RR,3,28000,Mesin bergetar hebat,Tinggi,Cek Stang Seher,"Rp 1,514,000"
765,Honda Supra X 125,6,50000,Normal,Ringan,Service Rutin,"Rp 275,000"
766,Honda Vario 125,7,60000,MIL kedip 12 (Injektor),Tinggi,Ganti Injektor,"Rp 1,530,000"
767,Honda PCX 150,5,40000,Normal,Ringan,Service Rutin,"Rp 270,000"
768,Honda Scoopy,8,70000,Aki cepat tekor,Sedang,Ganti Kiprok,"Rp 785,000"
769,Honda Revo,4,30000,Oli bocor parah,Tinggi,Ganti Paking Total,"Rp 1,515,000"
770,Honda ADV 150,6,50000,Gredeg saat akselerasi,Sedang,Service Besar CVT,"Rp 775,000"
771,Honda Vario 150,5,40000,Lampu utama mati,Sedang,Cek kabel,"Rp 770,000"
772,Honda PCX 160,3,25000,MIL kedip 29 (IACV),Sedang,Ganti IACV,"Rp 762,500"
773,Honda Beat Street,6,55000,Normal,Ringan,Service Rutin,"Rp 277,500"
774,Honda CBR 250RR,5,40000,Kopling berat,Sedang,Ganti kabel kopling,"Rp 770,000"
775,Honda Supra X 125,7,60000,Knalpot berasap tipis,Sedang,Ganti seal klep,"Rp 780,000"
776,Honda Vario 125,8,70000,Mesin mati mendadak,Tinggi,Cek ECU,"Rp 1,535,000"
777,Honda PCX 150,3,25000,Normal,Ringan,Service Rutin,"Rp 262,500"
778,Honda Scoopy,9,80000,Suara mesin kasar,Tinggi,Turun Mesin,"Rp 1,540,000"
779,Honda Revo,5,40000,Starter sulit,Sedang,Service karburator,"Rp 770,000"
780,Honda ADV 150,7,65000,Overheat,Sedang,Cek radiator,"Rp 782,500"
781,Honda Vario 150,3,28000,Suara klotok di mesin,Sedang,Setting ulang klep,"Rp 764,000"
782,Honda PCX 160,6,55000,Suara mesin kasar,Tinggi,Ganti Rantai Keteng,"Rp 1,527,500"
783,Honda Beat Street,4,35000,Shock belakang keras,Sedang,Ganti Shockbreaker,"Rp 767,500"
784,Honda CBR 250RR,7,60000,Mesin bergetar hebat,Tinggi,Cek Stang Seher,"Rp 1,530,000"
785,Honda Supra X 125,5,40000,Normal,Ringan,Service Rutin,"Rp 270,000"
786,Honda Vario 125,6,50000,MIL kedip 12 (Injektor),Tinggi,Ganti Injektor,"Rp 1,525,000"
787,Honda PCX 150,3,25000,Normal,Ringan,Service Rutin,"Rp 262,500"
788,Honda Scoopy,7,60000,Aki cepat tekor,Sedang,Ganti Kiprok,"Rp 780,000"
789,Honda Revo,8,70000,Oli bocor parah,Tinggi,Ganti Paking Total,"Rp 1,535,000"
790,Honda ADV 150,4,30000,Gredeg saat akselerasi,Sedang,Service Besar CVT,"Rp 765,000"
791,Honda Vario 150,5,40000,Lampu utama mati,Sedang,Cek kabel,"Rp 770,000"
792,Honda PCX 160,7,60000,MIL kedip 29 (IACV),Sedang,Ganti IACV,"Rp 780,000"
793,Honda Beat Street,3,25000,Normal,Ringan,Service Rutin,"Rp 262,500"
794,Honda CBR 250RR,6,50000,Kopling berat,Sedang,Ganti kabel kopling,"Rp 775,000"
795,Honda Supra X 125,4,30000,Knalpot berasap tipis,Sedang,Ganti seal klep,"Rp 765,000"
796,Honda Vario 125,9,80000,Mesin mati mendadak,Tinggi,Cek ECU,"Rp 1,540,000"
797,Honda PCX 150,5,40000,Normal,Ringan,Service Rutin,"Rp 270,000"
798,Honda Scoopy,8,70000,Suara mesin kasar,Tinggi,Turun Mesin,"Rp 1,535,000"
799,Honda Revo,4,35000,Starter sulit,Sedang,Service karburator,"Rp 767,500"
800,Honda ADV 150,6,50000,Overheat,Sedang,Cek radiator,"Rp 775,000"
801,Honda Vario 150,7,65000,MIL kedip 52 (Sensor CKP),Tinggi,Ganti Sensor CKP,"Rp 1,532,500"
802,Honda PCX 160,4,35000,Suara klotok di mesin,Sedang,Setting ulang klep,"Rp 767,500"
803,Honda Beat Street,5,45000,Aki cepat tekor,Sedang,Ganti Kiprok,"Rp 772,500"
804,Honda CBR 250RR,6,50000,Kopling selip RPM tinggi,Tinggi,Ganti set kampas kopling,"Rp 1,525,000"
805,Honda Supra X 125,9,80000,Asap knalpot putih tebal,Tinggi,"Turun Mesin, Ganti Ring Piston","Rp 1,540,000"
806,Honda Vario 125,4,35000,Gredeg saat akselerasi,Sedang,Service Besar CVT,"Rp 767,500"
807,Honda PCX 150,7,65000,Overheat di kemacetan,Sedang,Cek termostat,"Rp 782,500"
808,Honda Scoopy,8,70000,Starter tangan mati total,Sedang,"Ganti bendik, Ganti aki","Rp 785,000"
809,Honda Revo,5,45000,Oli mesin bocor parah,Tinggi,Ganti seal & paking,"Rp 1,522,500"
810,Honda ADV 150,7,60000,Getaran setang parah,Sedang,Cek komstir,"Rp 780,000"
811,Honda Vario 150,4,30000,MIL kedip 7 (Sensor ECT),Sedang,Ganti Sensor ECT,"Rp 765,000"
812,Honda PCX 160,6,50000,Tarikan berat di tanjakan,Sedang,Bersihkan Throttle Body,"Rp 775,000"
813,Honda Beat Street,3,25000,Shock depan mati,Sedang,Ganti seal & oli shock,"Rp 762,500"
814,Honda CBR 250RR,8,70000,Suara mesin kasar,Tinggi,"Turun Mesin, Cek keteng","Rp 1,535,000"
815,Honda Supra GTR,5,40000,Tidak bisa di-starter,Sedang,Ganti Aki,"Rp 770,000"
816,Honda Vario 125,6,50000,Gredeg saat akselerasi,Sedang,"Service CVT, Ganti Roller","Rp 775,000"
817,Honda PCX 150,8,70000,Lampu utama redup,Sedang,Ganti Kiprok,"Rp 785,000"
818,Honda Scoopy,4,35000,Normal,Ringan,Service Rutin,"Rp 267,500"
819,Honda Revo,7,65000,Rem blong,Sedang,Ganti master rem,"Rp 782,500"
820,Honda ADV 150,8,75000,MIL kedip 8 (Sensor TP),Sedang,Ganti Sensor TP,"Rp 787,500"
821,Honda Vario 150,5,40000,Knalpot berasap tipis,Sedang,Ganti seal klep,"Rp 770,000"
822,Honda PCX 160,3,28000,Normal,Ringan,Service Rutin,"Rp 264,000"
823,Honda Beat Street,6,50000,Aki soak,Sedang,Ganti Aki,"Rp 775,000"
824,Honda CBR 250RR,7,60000,Suara knalpot meledak,Sedang,Setting CO,"Rp 780,000"
825,Honda Supra X 125,5,45000,Oli mesin cepat habis,Tinggi,"Turun Mesin, Ganti Set Piston","Rp 1,522,500"
826,Honda Vario 125,9,80000,V-Belt putus,Tinggi,"Ganti V-belt, Roller, Service CVT","Rp 1,540,000"
827,Honda PCX 150,4,35000,Normal,Ringan,Service Rutin,"Rp 267,500"
828,Honda Scoopy,7,65000,Oli bocor dari CVT,Sedang,Ganti seal kruk as CVT,"Rp 782,500"
829,Honda Revo,6,50000,Tarikan berat,Sedang,Service karburator,"Rp 775,000"
830,Honda ADV 150,9,80000,Rem ABS bermasalah,Tinggi,Cek sensor ABS,"Rp 1,540,000"
831,Honda Vario 150,6,50000,Suara klotok di mesin,Sedang,Setting ulang klep,"Rp 775,000"
832,Honda PCX 160,4,35000,Suara mesin kasar,Tinggi,Ganti Rantai Keteng,"Rp 1,517,500"
833,Honda Beat Street,7,60000,Shock belakang keras,Sedang,Ganti Shockbreaker,"Rp 780,000"
834,Honda CBR 250RR,5,40000,Mesin bergetar hebat,Tinggi,Cek Stang Seher,"Rp 1,520,000"
835,Honda Supra X 125,8,70000,Normal,Ringan,Service Rutin,"Rp 285,000"
836,Honda Vario 125,9,80000,MIL kedip 12 (Injektor),Tinggi,Ganti Injektor,"Rp 1,540,000"
837,Honda PCX 150,6,50000,Normal,Ringan,Service Rutin,"Rp 275,000"
838,Honda Scoopy,4,30000,Aki cepat tekor,Sedang,Ganti Kiprok,"Rp 765,000"
839,Honda Revo,5,45000,Oli bocor parah,Tinggi,Ganti Paking Total,"Rp 1,522,500"
840,Honda ADV 150,8,70000,Gredeg saat akselerasi,Sedang,Service Besar CVT,"Rp 785,000"
841,Honda Vario 150,7,60000,Lampu utama mati,Sedang,Cek kabel,"Rp 780,000"
842,Honda PCX 160,5,40000,MIL kedip 29 (IACV),Sedang,Ganti IACV,"Rp 770,000"
843,Honda Beat Street,8,70000,Normal,Ringan,Service Rutin,"Rp 285,000"
844,Honda CBR 250RR,6,50000,Kopling berat,Sedang,Ganti kabel kopling,"Rp 775,000"
845,Honda Supra X 125,4,35000,Knalpot berasap tipis,Sedang,Ganti seal klep,"Rp 767,500"
846,Honda Vario 125,5,45000,Mesin mati mendadak,Tinggi,Cek ECU,"Rp 1,522,500"
847,Honda PCX 150,7,60000,Normal,Ringan,Service Rutin,"Rp 280,000"
848,Honda Scoopy,9,80000,Suara mesin kasar,Tinggi,Turun Mesin,"Rp 1,540,000"
849,Honda Revo,6,50000,Starter sulit,Sedang,Service karburator,"Rp 775,000"
850,Honda ADV 150,4,35000,Overheat,Sedang,Cek radiator,"Rp 767,500"
851,Honda Vario 150,5,40000,MIL kedip 52 (Sensor CKP),Tinggi,Ganti Sensor CKP,"Rp 1,520,000"
852,Honda PCX 160,8,70000,Suara klotok di mesin,Sedang,Setting ulang klep,"Rp 785,000"
853,Honda Beat Street,3,25000,Aki cepat tekor,Sedang,Ganti Kiprok,"Rp 762,500"
854,Honda CBR 250RR,9,80000,Kopling selip RPM tinggi,Tinggi,Ganti set kampas kopling,"Rp 1,540,000"
855,Honda Supra X 125,6,50000,Asap knalpot putih tebal,Tinggi,"Turun Mesin, Ganti Ring Piston","Rp 1,525,000"
856,Honda Vario 125,7,60000,Gredeg saat akselerasi,Sedang,Service Besar CVT,"Rp 780,000"
857,Honda PCX 150,5,45000,Overheat di kemacetan,Sedang,Cek termostat,"Rp 772,500"
858,Honda Scoopy,4,35000,Starter tangan mati total,Sedang,"Ganti bendik, Ganti aki","Rp 767,500"
859,Honda Revo,8,70000,Oli mesin bocor parah,Tinggi,Ganti seal & paking,"Rp 1,535,000"
860,Honda ADV 150,6,50000,Getaran setang parah,Sedang,Cek komstir,"Rp 775,000"
861,Honda Vario 150,7,60000,MIL kedip 7 (Sensor ECT),Sedang,Ganti Sensor ECT,"Rp 780,000"
862,Honda PCX 160,9,80000,Tarikan berat di tanjakan,Sedang,Bersihkan Throttle Body,"Rp 790,000"
863,Honda Beat Street,4,30000,Shock depan mati,Sedang,Ganti seal & oli shock,"Rp 765,000"
864,Honda CBR 250RR,5,40000,Suara mesin kasar,Tinggi,"Turun Mesin, Cek keteng","Rp 1,520,000"
865,Honda Supra GTR,8,70000,Tidak bisa di-starter,Sedang,Ganti Aki,"Rp 785,000"
866,Honda Vario 125,6,50000,Gredeg saat akselerasi,Sedang,"Service CVT, Ganti Roller","Rp 775,000"
867,Honda PCX 150,9,80000,Lampu utama redup,Sedang,Ganti Kiprok,"Rp 790,000"
868,Honda Scoopy,5,40000,Normal,Ringan,Service Rutin,"Rp 270,000"
869,Honda Revo,10,90000,Rem blong,Sedang,Ganti master rem,"Rp 795,000"
870,Honda ADV 150,7,60000,MIL kedip 8 (Sensor TP),Sedang,Ganti Sensor TP,"Rp 780,000"
871,Honda Vario 150,5,45000,Knalpot berasap tipis,Sedang,Ganti seal klep,"Rp 772,500"
872,Honda PCX 160,4,30000,Normal,Ringan,Service Rutin,"Rp 265,000"
873,Honda Beat Street,9,80000,Aki soak,Sedang,Ganti Aki,"Rp 790,000"
874,Honda CBR 250RR,6,50000,Suara knalpot meledak,Sedang,Setting CO,"Rp 775,000"
875,Honda Supra X 125,7,60000,Oli mesin cepat habis,Tinggi,"Turun Mesin, Ganti Set Piston","Rp 1,530,000"
876,Honda Vario 125,10,90000,V-Belt putus,Tinggi,"Ganti V-belt, Roller, Service CVT","Rp 1,545,000"
877,Honda PCX 150,5,40000,Normal,Ringan,Service Rutin,"Rp 270,000"
878,Honda Scoopy,6,50000,Oli bocor dari CVT,Sedang,Ganti seal kruk as CVT,"Rp 775,000"
879,Honda Revo,7,60000,Tarikan berat,Sedang,Service karburator,"Rp 780,000"
880,Honda ADV 150,8,70000,Rem ABS bermasalah,Tinggi,Cek sensor ABS,"Rp 1,535,000"
801,Yamaha NMAX 155,5,55000,Lampu MIL menyala terus (Injeksi),Tinggi,"Servis Berat (Injeksi), Ganti Injektor","Rp 1,527,500"
802,Honda PCX 160,3,30000,Aki cepat tekor,Sedang,"Ganti Kiprok (Regulator), Ganti Aki","Rp 765,000"
803,Kawasaki Ninja 250,7,65000,Oli mesin bocor parah,Tinggi,"Overhaul Mesin, Ganti Paking Set","Rp 1,532,500"
804,Suzuki Satria F150,4,35000,Normal,Ringan,"Ganti Oli, Servis Ringan","Rp 267,500"
805,Honda Beat FI,8,75000,Asap knalpot putih,Tinggi,"Ganti Ring Piston, Servis Berat","Rp 1,537,500"
806,Yamaha Vixion,6,60000,Rem blong,Sedang,"Ganti Kampas Rem, Minyak Rem","Rp 780,000"
807,Suzuki Address,2,18000,Normal,Ringan,"Ganti Oli, Servis Ringan","Rp 259,000"
808,Kawasaki KLX 150,5,45000,Suara mesin klotok,Tinggi,"Ganti Noken As, Setel Klep","Rp 1,522,500"
809,Honda CBR 150R,3,25000,Tarikan berat,Sedang,"Servis Berat (Injeksi), Filter Udara","Rp 762,500"
810,Yamaha Mio M3,7,65000,Starter mati total,Sedang,"Ganti Aki, Cek Dinamo Starter","Rp 782,500"
811,Suzuki GSX-R150,4,30000,Mesin panas berlebih,Sedang,"Ganti Air Radiator, Cek Termostat","Rp 765,000"
812,Honda Vario 125,5,40000,Getaran setang parah,Sedang,"Ganti Komstir, Laher Roda","Rp 770,000"
813,Kawasaki W175,2,15000,Rantai berisik,Ringan,"Ganti Oli, Setel Rantai","Rp 257,500"
814,Yamaha Aerox 155,6,50000,Lampu utama redup,Sedang,"Ganti Spul, Cek Kelistrikan","Rp 775,000"
815,Suzuki Skydrive,8,70000,Tarikan berat,Sedang,"Servis Ringan, Ganti V-Belt","Rp 785,000"
816,Honda Supra X 125,9,80000,Rem kurang pakem,Sedang,"Ganti Kampas Rem, Ganti Oli","Rp 790,000"
817,Yamaha NMAX 155,4,45000,Oli bocor dari blok mesin,Tinggi,"Ganti Paking Blok, Servis Berat","Rp 1,522,500"
818,Kawasaki Ninja 650,5,40000,Kelistrikan mati,Tinggi,"Ganti ECU/CDI, Servis Berat","Rp 1,520,000"
819,Suzuki Smash,10,90000,Suara mesin kasar,Tinggi,"Overhaul total, Ganti Stang Seher","Rp 1,545,000"
820,Honda PCX 160,1,10000,Normal,Ringan,Ganti Oli,"Rp 255,000"
821,Yamaha R15,3,25000,Rem kurang pakem,Sedang,"Ganti Kampas Rem, Minyak Rem","Rp 762,500"
822,Honda Vario 150,7,65000,Mesin mati mendadak,Tinggi,"Ganti Spul, Cek Koil","Rp 1,532,500"
823,Suzuki Satria F150,6,50000,Suspensi belakang ambles,Sedang,Ganti Shockbreaker Belakang,"Rp 775,000"
824,Kawasaki KLX 250,4,35000,Tarikan berat,Sedang,"Servis Berat (Karbu), Filter Udara","Rp 767,500"
825,Honda Beat Street,2,20000,Normal,Ringan,"Ganti Oli, Servis Ringan","Rp 260,000"
826,Yamaha XMAX 250,5,40000,Aki soak,Sedang,"Ganti Aki, Cek Kiprok","Rp 770,000"
827,Suzuki Address Playful,3,25000,Normal,Ringan,"Ganti Oli, Servis Ringan","Rp 262,500"
828,Kawasaki Ninja 250,8,70000,Mesin bergetar hebat,Tinggi,"Overhaul, Ganti Stang Seher","Rp 1,535,000"
829,Honda CBR 250RR,4,30000,Suara knalpot meledak,Sedang,"Servis Berat (Injeksi), Setting CO","Rp 765,000"
830,Yamaha Mio J,9,80000,Oli bocor parah,Tinggi,"Overhaul, Ganti Paking Set","Rp 1,540,000"
831,Suzuki GSX-S150,5,40000,Rem blong,Sedang,"Ganti Kampas Rem, Ganti Oli","Rp 770,000"
832,Honda Revo,10,90000,Starter sulit,Sedang,"Ganti Aki, Servis Ringan","Rp 795,000"
833,Kawasaki W175,6,50000,Rem kurang pakem,Sedang,Ganti Kampas Rem,"Rp 775,000"
834,Yamaha Lexi,3,28000,Aki cepat tekor,Sedang,"Ganti Kiprok, Cek Kabel","Rp 764,000"
835,Suzuki Shogun SP,7,60000,Knalpot berasap,Tinggi,"Ganti Ring Piston, Servis Berat","Rp 1,530,000"
836,Honda ADV 150,4,35000,Normal,Ringan,"Ganti Oli, Servis Ringan","Rp 267,500"
837,Yamaha NMAX 155,7,65000,Suara klotok di mesin,Tinggi,"Ganti Noken As, Cek Rantai Keteng","Rp 1,532,500"
838,Kawasaki Ninja 250,3,25000,Normal,Ringan,Ganti Oli,"Rp 262,500"
839,Suzuki Address,5,40000,Gredeg saat akselerasi,Sedang,"Servis Berat (CVT), Ganti Kampas Ganda","Rp 770,000"
840,Honda Vario 150,6,50000,Overheat,Sedang,"Ganti Air Radiator, Cek Selang","Rp 775,000"
841,Yamaha Aerox 155,4,35000,Aki soak,Sedang,"Ganti Aki, Servis Ringan","Rp 767,500"
842,Honda PCX 160,5,40000,Lampu MIL menyala (Sensor O2),Tinggi,"Ganti Sensor O2, Servis Berat","Rp 1,520,000"
843,Kawasaki KLX 150,7,60000,Rem blong,Sedang,"Ganti Kampas Rem, Minyak Rem","Rp 780,000"
844,Suzuki Satria F150,8,70000,Mesin mati mendadak,Tinggi,"Ganti CDI/ECU, Cek Koil","Rp 1,535,000"
845,Honda Beat Street,3,28000,Normal,Ringan,Ganti Oli,"Rp 264,000"
846,Yamaha Vixion,5,45000,Rantai berisik,Ringan,Ganti Rantai Set,"Rp 272,500"
847,Suzuki GSX-R150,6,55000,Oli bocor tipis,Sedang,"Ganti Seal Oli, Servis Ringan","Rp 777,500"
848,Kawasaki Ninja 650,4,30000,Normal,Ringan,"Ganti Oli, Servis Ringan","Rp 265,000"
849,Honda Supra GTR,9,80000,Suara mesin kasar,Tinggi,"Overhaul, Ganti Piston Set","Rp 1,540,000"
850,Yamaha Mio M3,6,50000,Rem kurang pakem,Sedang,Ganti Kampas Rem,"Rp 775,000"
851,Suzuki Address Playful,7,60000,Tarikan berat,Sedang,"Servis Berat (CVT), Ganti V-Belt","Rp 780,000"
852,Honda CBR 150R,4,35000,Normal,Ringan,"Ganti Oli, Servis Ringan","Rp 267,500"
853,Kawasaki KLX 250,5,45000,Aki cepat tekor,Sedang,"Ganti Kiprok, Ganti Aki","Rp 772,500"
854,Yamaha NMAX 155,8,70000,Mesin bergetar hebat,Tinggi,"Ganti Noken As, Setel Klep","Rp 1,535,000"
855,Suzuki Skydrive,3,25000,Normal,Ringan,Ganti Oli,"Rp 262,500"
856,Honda Vario 125,5,40000,Starter sulit,Sedang,"Ganti Aki, Cek Kelistrikan","Rp 770,000"
857,Kawasaki W175,7,65000,Oli bocor parah,Tinggi,"Overhaul, Ganti Paking Set","Rp 1,532,500"
858,Yamaha Aerox 155,2,20000,Rem kurang pakem,Sedang,Ganti Kampas Rem,"Rp 760,000"
859,Suzuki Shogun SP,9,80000,Suara mesin klotok,Tinggi,"Ganti Noken As, Servis Berat","Rp 1,540,000"
860,Honda ADV 150,6,50000,Lampu utama mati,Sedang,"Ganti Spul, Cek Kabel","Rp 775,000"
861,Yamaha R15,4,35000,Normal,Ringan,"Ganti Oli, Servis Ringan","Rp 267,500"
862,Honda PCX 160,7,60000,Suara mesin kasar,Tinggi,"Overhaul, Ganti Rantai Keteng","Rp 1,530,000"
863,Kawasaki Ninja 250,5,45000,Rem blong,Sedang,"Ganti Kampas Rem, Minyak Rem","Rp 772,500"
864,Suzuki Address,8,75000,Mesin mati mendadak,Tinggi,"Ganti ECU/CDI, Servis Berat","Rp 1,537,500"
865,Honda Beat FI,3,28000,Normal,Ringan,Ganti Oli,"Rp 264,000"
866,Yamaha XMAX 250,6,50000,Overheat,Sedang,"Ganti Air Radiator, Cek Termostat","Rp 775,000"
867,Suzuki GSX-S150,4,35000,Aki cepat tekor,Sedang,"Ganti Kiprok, Ganti Aki","Rp 767,500"
868,Kawasaki KLX 150,9,80000,Asap knalpot putih,Tinggi,"Ganti Ring Piston, Overhaul","Rp 1,540,000"
869,Honda Supra X 125,5,40000,Normal,Ringan,"Ganti Oli, Servis Ringan","Rp 270,000"
870,Yamaha Mio J,10,90000,Suara mesin kasar,Tinggi,"Overhaul Total, Ganti Piston Set","Rp 1,545,000"
871,Suzuki Smash,1,10000,Normal,Ringan,Ganti Oli,"Rp 255,000"
872,Honda Vario 150,4,35000,MIL menyala (Sensor TP),Sedang,"Servis Berat (Injeksi), Ganti Sensor TP","Rp 767,500"
873,Kawasaki W175,8,70000,Lampu utama redup,Sedang,"Ganti Spul, Cek Kelistrikan","Rp 785,000"
874,Yamaha Lexi,5,40000,Normal,Ringan,"Ganti Oli, Servis Ringan","Rp 270,000"
875,Suzuki Shogun SP,6,55000,Rem kurang pakem,Sedang,Ganti Kampas Rem,"Rp 777,500"
876,Honda PCX 160,3,25000,Getaran setang parah,Sedang,"Ganti Komstir, Laher Roda","Rp 762,500"
877,Yamaha NMAX 155,6,60000,Mesin mati mendadak,Tinggi,"Ganti Koil, Cek ECU","Rp 1,530,000"
878,Kawasaki Ninja 250,4,30000,Aki soak,Sedang,"Ganti Aki, Cek Kiprok","Rp 765,000"
879,Suzuki Address,9,80000,Oli bocor parah,Tinggi,"Overhaul Mesin, Ganti Paking Set","Rp 1,540,000"
880,Honda ADV 150,5,40000,Normal,Ringan,"Ganti Oli, Servis Ringan","Rp 270,000"
881,Yamaha Aerox 155,7,65000,Suara klotok di mesin,Tinggi,"Ganti Noken As, Setel Klep","Rp 1,532,500"
882,Honda CBR 250RR,4,35000,Rem blong,Sedang,"Ganti Kampas Rem, Minyak Rem","Rp 767,500"
883,Kawasaki KLX 150,5,45000,Tarikan berat,Sedang,"Servis Berat (Karbu), Filter Udara","Rp 772,500"
884,Suzuki Satria F150,2,20000,Normal,Ringan,Ganti Oli,"Rp 260,000"
885,Honda Beat Street,8,70000,Asap knalpot putih,Tinggi,"Ganti Ring Piston, Overhaul","Rp 1,535,000"
886,Yamaha Vixion,3,25000,Rem kurang pakem,Sedang,Ganti Kampas Rem,"Rp 762,500"
887,Suzuki GSX-R150,7,60000,Kelistrikan mati,Tinggi,"Ganti ECU/CDI, Servis Berat","Rp 1,530,000"
888,Kawasaki Ninja 650,6,50000,Normal,Ringan,"Ganti Oli, Servis Ringan","Rp 275,000"
889,Honda Supra X 125,5,45000,Rem blong,Sedang,"Ganti Kampas Rem, Minyak Rem","Rp 772,500"
890,Yamaha Mio M3,8,70000,Lampu utama redup,Sedang,"Ganti Spul, Cek Kabel","Rp 785,000"
891,Suzuki Address Playful,4,30000,Normal,Ringan,Ganti Oli,"Rp 265,000"
892,Honda Vario 125,7,65000,Aki cepat tekor,Sedang,"Ganti Kiprok, Ganti Aki","Rp 782,500"
893,Kawasaki KLX 250,5,40000,Suara mesin kasar,Tinggi,"Overhaul Total, Ganti Stang Seher","Rp 1,520,000"
894,Yamaha XMAX 250,2,20000,Normal,Ringan,"Ganti Oli, Servis Ringan","Rp 260,000"
895,Suzuki Skydrive,9,80000,Oli bocor parah,Tinggi,"Overhaul, Ganti Paking Set","Rp 1,540,000"
896,Honda Revo,3,25000,Rem kurang pakem,Sedang,Ganti Kampas Rem,"Rp 762,500"
897,Yamaha R15,6,50000,Mesin panas berlebih,Sedang,"Ganti Air Radiator, Cek Selang","Rp 775,000"
898,Suzuki GSX-S150,5,45000,Normal,Ringan,"Ganti Oli, Servis Ringan","Rp 272,500"
899,Kawasaki W175,7,60000,Starter mati total,Sedang,"Ganti Aki, Cek Dinamo","Rp 780,000"
900,Honda ADV 150,8,70000,Suara klotok di mesin,Tinggi,"Ganti Noken As, Setel Klep","Rp 1,535,000"
901,Yamaha NMAX 155,4,35000,Normal,Ringan,Ganti Oli,"Rp 267,500"
902,Honda PCX 160,6,50000,Rem blong,Sedang,"Ganti Kampas Rem, Minyak Rem","Rp 775,000"
903,Kawasaki Ninja 250,5,40000,Lampu utama redup,Sedang,"Ganti Spul, Cek Kabel","Rp 770,000"
904,Suzuki Satria F150,9,80000,Mesin mati mendadak,Tinggi,"Ganti ECU/CDI, Servis Berat","Rp 1,540,000"
905,Honda Beat FI,7,65000,Tarikan berat,Sedang,"Servis Berat (Injeksi), Filter Udara","Rp 782,500"
906,Yamaha Vixion,4,30000,Normal,Ringan,"Ganti Oli, Servis Ringan","Rp 265,000"
907,Suzuki Address,6,50000,Aki cepat tekor,Sedang,"Ganti Kiprok, Ganti Aki","Rp 775,000"
908,Kawasaki KLX 150,8,75000,Oli bocor parah,Tinggi,"Overhaul, Ganti Paking Set","Rp 1,537,500"
909,Honda CBR 150R,5,40000,Rem kurang pakem,Sedang,Ganti Kampas Rem,"Rp 770,000"
910,Yamaha Mio M3,3,25000,Normal,Ringan,Ganti Oli,"Rp 262,500"
911,Suzuki GSX-R150,7,65000,Asap knalpot putih,Tinggi,"Ganti Ring Piston, Servis Berat","Rp 1,532,500"
912,Honda Vario 125,4,30000,Mesin panas berlebih,Sedang,"Ganti Air Radiator, Cek Selang","Rp 765,000"
913,Kawasaki Ninja 650,5,45000,Rem kurang pakem,Sedang,"Ganti Kampas Rem, Minyak Rem","Rp 772,500"
914,Yamaha Aerox 155,8,70000,Gredeg saat akselerasi,Sedang,"Servis Berat (CVT), Ganti Kampas Ganda","Rp 785,000"
915,Suzuki Skydrive,4,35000,Normal,Ringan,Ganti Oli,"Rp 267,500"
916,Honda Supra GTR,6,50000,Rem blong,Sedang,"Ganti Kampas Rem, Minyak Rem","Rp 775,000"
917,Yamaha XMAX 250,3,25000,Normal,Ringan,"Ganti Oli, Servis Ringan","Rp 262,500"
918,Suzuki Address Playful,8,70000,Suara mesin kasar,Tinggi,"Overhaul, Ganti Stang Seher","Rp 1,535,000"
919,Kawasaki KLX 250,4,30000,Normal,Ringan,Ganti Oli,"Rp 265,000"
920,Honda CBR 250RR,5,40000,Kelistrikan mati,Tinggi,"Ganti ECU/CDI, Servis Berat","Rp 1,520,000"
921,Yamaha Mio J,9,80000,Starter mati total,Sedang,"Ganti Aki, Cek Dinamo","Rp 790,000"
922,Honda Revo,6,50000,Normal,Ringan,"Ganti Oli, Servis Ringan","Rp 275,000"
923,Kawasaki W175,3,25000,Rem kurang pakem,Sedang,Ganti Kampas Rem,"Rp 762,500"
924,Suzuki Smash,7,60000,Lampu utama redup,Sedang,"Ganti Spul, Cek Kabel","Rp 780,000"
925,Honda ADV 150,5,40000,Aki soak,Sedang,"Ganti Aki, Cek Kiprok","Rp 770,000"
926,Yamaha R15,7,60000,Tarikan berat,Sedang,"Servis Berat (Injeksi), Filter Udara","Rp 780,000"
927,Suzuki GSX-S150,4,30000,Normal,Ringan,"Ganti Oli, Servis Ringan","Rp 265,000"
928,Kawasaki Ninja 250,8,70000,Mesin bergetar hebat,Tinggi,"Ganti Noken As, Servis Berat","Rp 1,535,000"
929,Honda Supra X 125,5,45000,Normal,Ringan,Ganti Oli,"Rp 272,500"
930,Yamaha Lexi,9,80000,Oli bocor parah,Tinggi,"Overhaul Total, Ganti Paking","Rp 1,540,000"
931,Suzuki Shogun SP,2,20000,Normal,Ringan,Ganti Oli,"Rp 260,000"
932,Honda PCX 160,7,65000,Suara klotok di mesin,Tinggi,"Ganti Noken As, Setel Klep","Rp 1,532,500"
933,Kawasaki KLX 150,5,40000,Rem blong,Sedang,"Ganti Kampas Rem, Minyak Rem","Rp 770,000"
934,Suzuki Satria F150,3,25000,Normal,Ringan,"Ganti Oli, Servis Ringan","Rp 262,500"
935,Honda Beat Street,6,50000,Asap knalpot putih,Tinggi,"Ganti Ring Piston, Overhaul","Rp 1,525,000"
936,Yamaha Vixion,8,70000,Rem kurang pakem,Sedang,Ganti Kampas Rem,"Rp 785,000"
937,Suzuki Address,4,30000,Normal,Ringan,Ganti Oli,"Rp 265,000"
938,Kawasaki Ninja 650,7,65000,Mesin mati mendadak,Tinggi,"Ganti ECU/CDI, Cek Koil","Rp 1,532,500"
939,Honda CBR 250RR,5,45000,Normal,Ringan,"Ganti Oli, Servis Ringan","Rp 272,500"
940,Yamaha Mio M3,10,90000,Suara mesin kasar,Tinggi,"Overhaul Total, Ganti Piston Set","Rp 1,545,000"
941,Suzuki GSX-R150,6,50000,Aki soak,Sedang,"Ganti Aki, Cek Kiprok","Rp 775,000"
942,Honda Vario 125,4,35000,Getaran setang parah,Sedang,"Ganti Komstir, Laher Roda","Rp 767,500"
943,Kawasaki KLX 250,8,70000,Rem kurang pakem,Sedang,Ganti Kampas Rem,"Rp 785,000"
944,Yamaha Aerox 155,5,40000,Lampu utama mati,Sedang,"Ganti Spul, Cek Kabel","Rp 770,000"
945,Suzuki Skydrive,7,60000,Tarikan berat,Sedang,"Servis Berat (CVT), Ganti V-Belt","Rp 780,000"
946,Honda Supra GTR,4,30000,Normal,Ringan,Ganti Oli,"Rp 265,000"
947,Yamaha XMAX 250,9,80000,Rem blong,Sedang,"Ganti Kampas Rem, Minyak Rem","Rp 790,000"
948,Suzuki Address Playful,5,40000,Normal,Ringan,"Ganti Oli, Servis Ringan","Rp 270,000"
949,Kawasaki W175,6,55000,Oli bocor tipis,Sedang,"Ganti Seal Oli, Servis Ringan","Rp 777,500"
950,Honda ADV 150,7,60000,Overheat,Sedang,"Ganti Air Radiator, Cek Selang","Rp 780,000"
951,Ducati Panigale V4,3,15000,Mesin overheat,Tinggi,"Ganti radiator, Cek jalur coolant","Rp 1,507,500"
952,Harley-Davidson Fat Bob,5,25000,Kelistrikan mati total,Tinggi,Ganti ECU/Modul Kelistrikan,"Rp 1,512,500"
953,KTM Duke 390,4,35000,Shockbreaker bocor,Sedang,Servis Shock Depan/Belakang,"Rp 767,500"
954,Viar Cross X 200,2,18000,Rantai berisik,Ringan,Ganti Rantai Set,"Rp 259,000"
955,BMW R 1250 GS,6,50000,Rem ABS bermasalah,Tinggi,"Ganti Sensor ABS, Servis Berat","Rp 1,525,000"
956,Husqvarna Svartpilen 401,1,10000,Normal,Ringan,"Ganti Oli, Servis Ringan","Rp 255,000"
957,Ducati Monster 821,5,30000,Suara mesin kasar,Tinggi,"Ganti Noken As, Setel Desmodromic Valve","Rp 1,515,000"
958,Harley-Davidson Sportster,8,45000,Oli bocor parah,Tinggi,"Overhaul, Ganti Paking Mesin","Rp 1,522,500"
959,KTM RC 200,3,20000,Rem kurang pakem,Sedang,Ganti Kampas Rem Brembo,"Rp 760,000"
960,Viar Karya Bit,6,60000,Asap knalpot putih,Tinggi,"Ganti Ring Piston, Servis Berat","Rp 1,530,000"
961,BMW S 1000 RR,4,25000,Mesin mati mendadak,Tinggi,"Ganti ECU/CDI, Cek Koil","Rp 1,512,500"
962,Husqvarna Vitpilen 250,2,15000,Normal,Ringan,"Ganti Oli, Servis Ringan","Rp 257,500"
963,Ducati Scrambler,7,40000,Rem blong,Sedang,"Ganti Kampas Rem, Minyak Rem","Rp 770,000"
964,Harley-Davidson Street 500,4,30000,Aki cepat tekor,Sedang,"Ganti Kiprok, Ganti Aki","Rp 765,000"
965,KTM Duke 250,5,40000,Lampu utama redup,Sedang,"Ganti Spul, Cek Kabel Body","Rp 770,000"
966,Viar Cross X 250 ES,3,25000,Normal,Ringan,Ganti Oli,"Rp 262,500"
967,BMW F 850 GS,7,60000,Suara klotok di mesin,Tinggi,"Ganti Rantai Keteng, Servis Berat","Rp 1,530,000"
968,Husqvarna TE 300i,5,35000,Tarikan berat,Sedang,"Servis Injeksi/Karbu, Filter Udara","Rp 767,500"
969,Ducati Hypermotard,4,30000,Suara knalpot meledak,Sedang,"Servis Injeksi, Setting CO","Rp 765,000"
970,Harley-Davidson Road King,9,65000,Mesin overheat,Tinggi,"Overhaul, Ganti Piston Set","Rp 1,532,500"
971,KTM RC 390,2,18000,Normal,Ringan,"Ganti Oli, Servis Ringan","Rp 259,000"
972,Viar Karya Roda Tiga,7,70000,Oli bocor tipis,Sedang,"Ganti Seal Oli, Servis Berat","Rp 785,000"
973,BMW R nineT,5,40000,Getaran setang parah,Sedang,"Ganti Komstir, Cek Laher Roda","Rp 770,000"
974,Husqvarna Norden 901,3,20000,Rem kurang pakem,Sedang,Ganti Kampas Rem,"Rp 760,000"
975,Ducati Multistrada 950,6,50000,MIL menyala (Sensor ABS),Tinggi,"Ganti Sensor ABS, Scan ECU","Rp 1,525,000"
976,Harley-Davidson Iron 883,4,35000,Starter sulit,Sedang,"Ganti Aki, Cek Dinamo Starter","Rp 767,500"
977,KTM 1290 Super Duke R,6,45000,Suara mesin kasar,Tinggi,"Overhaul Mesin, Ganti Stang Seher","Rp 1,522,500"
978,Viar Cross X 150,5,40000,Normal,Ringan,"Ganti Oli, Servis Ringan","Rp 270,000"
979,BMW G 310 R,3,25000,Normal,Ringan,Ganti Oli,"Rp 262,500"
980,Husqvarna FE 501,4,30000,Shock depan mati,Sedang,"Servis Shock Depan, Ganti Oli","Rp 765,000"
981,Ducati Diavel,5,40000,Aki soak,Sedang,"Ganti Aki, Cek Kiprok","Rp 770,000"
982,Harley-Davidson V-Rod,7,55000,Mesin mati mendadak,Tinggi,"Ganti Koil, Cek Wiring Harness","Rp 1,527,500"
983,KTM Duke 790,4,30000,Lampu MIL menyala (Injeksi),Tinggi,"Ganti Injektor, Servis Berat","Rp 1,515,000"
984,Viar Karya Bit,8,75000,Rem blong,Sedang,"Ganti Master Rem, Kampas Rem","Rp 787,500"
985,BMW K 1600 GTL,6,50000,Kelistrikan mati (Navigasi),Tinggi,"Ganti Modul Kelistrikan, Servis Berat","Rp 1,525,000"
986,Husqvarna Svartpilen 250,2,15000,Normal,Ringan,"Ganti Oli, Servis Ringan","Rp 257,500"
987,Ducati Panigale V2,4,20000,Rem kurang pakem,Sedang,Ganti Kampas Rem,"Rp 760,000"
988,Harley-Davidson Low Rider,6,48000,Suara klotok di mesin,Tinggi,"Ganti Lifter/Tappet, Servis Berat","Rp 1,524,000"
989,KTM RC 390,5,35000,Mesin panas berlebih,Sedang,"Ganti Air Radiator, Cek Selang","Rp 767,500"
990,Viar Cross X 200,3,22000,Tarikan berat,Sedang,"Servis Karburator, Ganti Filter","Rp 761,000"
991,BMW G 310 GS,4,30000,Normal,Ringan,"Ganti Oli, Servis Ringan","Rp 265,000"
992,Husqvarna Vitpilen 401,5,40000,Shock belakang keras,Sedang,Servis Shock Belakang,"Rp 770,000"
993,Ducati Monster 797,7,60000,Asap knalpot putih,Tinggi,"Ganti Ring Piston, Overhaul","Rp 1,530,000"
994,Harley-Davidson Heritage Classic,8,60000,Aki cepat tekor,Tinggi,"Ganti Spul (Stator), Ganti Kiprok","Rp 1,530,000"
995,KTM Duke 200,3,25000,Normal,Ringan,Ganti Oli,"Rp 262,500"
996,Viar Karya Bit,4,35000,Rem kurang pakem,Sedang,Ganti Kampas Rem,"Rp 767,500"
997,BMW R 1200 GS,7,65000,Lampu utama mati,Tinggi,Ganti Modul Lampu (CanBus),"Rp 1,532,500"
998,Husqvarna FE 450,6,50000,Oli bocor parah,Tinggi,"Overhaul, Ganti Paking Total","Rp 1,525,000"
999,Ducati XDiavel,5,30000,Normal,Ringan,"Ganti Oli, Servis Ringan","Rp 265,000"
1000,Harley-Davidson Breakout,4,20000,Rem ABS bermasalah,Tinggi,"Ganti Sensor ABS, Scan ECU","Rp 1,510,000"